Date,Entity,AlgoBalance,AlgoBalanceDelta
2019-06-11,Coinbase,0.0,0.0
2019-06-12,Coinbase,0.0,0.0
2019-06-13,Coinbase,0.0,0.0
2019-06-14,Coinbase,0.0,0.0
2019-06-15,Coinbase,0.0,0.0
2019-06-16,Coinbase,0.0,0.0
2019-06-17,Coinbase,0.0,0.0
2019-06-18,Coinbase,0.0,0.0
2019-06-19,Coinbase,0.0,0.0
2019-06-20,Coinbase,0.0,0.0
2019-06-21,Coinbase,0.0,0.0
2019-06-22,Coinbase,0.0,0.0
2019-06-23,Coinbase,0.0,0.0
2019-06-24,Coinbase,0.0,0.0
2019-06-25,Coinbase,0.0,0.0
2019-06-26,Coinbase,0.0,0.0
2019-06-27,Coinbase,0.0,0.0
2019-06-28,Coinbase,0.0,0.0
2019-06-29,Coinbase,0.0,0.0
2019-06-30,Coinbase,0.0,0.0
2019-07-01,Coinbase,0.0,0.0
2019-07-02,Coinbase,0.0,0.0
2019-07-03,Coinbase,0.0,0.0
2019-07-04,Coinbase,0.0,0.0
2019-07-05,Coinbase,0.0,0.0
2019-07-06,Coinbase,0.0,0.0
2019-07-07,Coinbase,0.0,0.0
2019-07-08,Coinbase,0.0,0.0
2019-07-09,Coinbase,0.0,0.0
2019-07-10,Coinbase,0.0,0.0
2019-07-11,Coinbase,0.0,0.0
2019-07-12,Coinbase,0.0,0.0
2019-07-13,Coinbase,0.0,0.0
2019-07-14,Coinbase,0.0,0.0
2019-07-15,Coinbase,0.0,0.0
2019-07-16,Coinbase,0.0,0.0
2019-07-17,Coinbase,0.0,0.0
2019-07-18,Coinbase,0.0,0.0
2019-07-19,Coinbase,0.0,0.0
2019-07-20,Coinbase,0.0,0.0
2019-07-21,Coinbase,0.0,0.0
2019-07-22,Coinbase,0.0,0.0
2019-07-23,Coinbase,8.956559,8.956559
2019-07-24,Coinbase,19.000028,10.043469
2019-07-25,Coinbase,19.000028,0.0
2019-07-26,Coinbase,19.000028,0.0
2019-07-27,Coinbase,19.000028,0.0
2019-07-28,Coinbase,19.000028,0.0
2019-07-29,Coinbase,19.000028,0.0
2019-07-30,Coinbase,19.000028,0.0
2019-07-31,Coinbase,18.0,-1.000028
2019-08-01,Coinbase,9.889434,-8.110566
2019-08-02,Coinbase,7.888886,-2.000548
2019-08-03,Coinbase,7.888886,0.0
2019-08-04,Coinbase,7.888886,0.0
2019-08-05,Coinbase,9.884178,1.995292
2019-08-06,Coinbase,15.870444,5.986266
2019-08-07,Coinbase,18.957373,3.086929
2019-08-08,Coinbase,18.957373,0.0
2019-08-09,Coinbase,18.957373,0.0
2019-08-10,Coinbase,18.957373,0.0
2019-08-11,Coinbase,18.957373,0.0
2019-08-12,Coinbase,18.598681,-0.358692
2019-08-13,Coinbase,22.688097,4.089416
2019-08-14,Coinbase,1040087.512865,1040064.824768
2019-08-15,Coinbase,537725.698634,-502361.814231
2019-08-16,Coinbase,561741.889095,24016.190461
2019-08-17,Coinbase,604003.725259,42261.836164
2019-08-18,Coinbase,611615.218838,7611.493579
2019-08-19,Coinbase,577133.721005,-34481.497833
2019-08-20,Coinbase,665891.686131,88757.965126
2019-08-21,Coinbase,1840216.559761,1174324.87363
2019-08-22,Coinbase,4107645.745873,2267429.186112
2019-08-23,Coinbase,1996701.640825,-2110944.105048
2019-08-24,Coinbase,1983963.723691,-12737.917134
2019-08-25,Coinbase,1954557.295487,-29406.428204
2019-08-26,Coinbase,1958894.880999,4337.585512
2019-08-27,Coinbase,2002512.206793,43617.325794
2019-08-28,Coinbase,1962587.046808,-39925.159985
2019-08-29,Coinbase,2019880.575822,57293.529014
2019-08-30,Coinbase,2016624.745324,-3255.830498
2019-08-31,Coinbase,1933231.225104,-83393.52022
2019-09-01,Coinbase,1884647.619944,-48583.60516
2019-09-02,Coinbase,1920500.797885,35853.177941
2019-09-03,Coinbase,1907083.184387,-13417.613498
2019-09-04,Coinbase,1913468.561278,6385.376891
2019-09-05,Coinbase,1949093.478461,35624.917183
2019-09-06,Coinbase,2053032.052355,103938.573894
2019-09-07,Coinbase,1999746.010598,-53286.041757
2019-09-08,Coinbase,2022191.67532,22445.664722
2019-09-09,Coinbase,1749435.340723,-272756.334597
2019-09-10,Coinbase,1724720.111077,-24715.229646
2019-09-11,Coinbase,1839243.915831,114523.804754
2019-09-12,Coinbase,2062795.158079,223551.242248
2019-09-13,Coinbase,1257965.127744,-804830.030335
2019-09-14,Coinbase,1296988.111391,39022.983647
2019-09-15,Coinbase,1287809.114392,-9178.996999
2019-09-16,Coinbase,1298295.542585,10486.428193
2019-09-17,Coinbase,1336544.291895,38248.74931
2019-09-18,Coinbase,1542888.266119,206343.974224
2019-09-19,Coinbase,1610618.994695,67730.728576
2019-09-20,Coinbase,1666335.039321,55716.044626
2019-09-21,Coinbase,1673892.699465,7557.660144
2019-09-22,Coinbase,1650197.276557,-23695.422908
2019-09-23,Coinbase,1716579.34547,66382.068913
2019-09-24,Coinbase,1878854.30106,162274.95559
2019-09-25,Coinbase,1780615.748605,-98238.552455
2019-09-26,Coinbase,1906768.175663,126152.427058
2019-09-27,Coinbase,1879840.993137,-26927.182526
2019-09-28,Coinbase,1894482.019428,14641.026291
2019-09-29,Coinbase,1628521.108147,-265960.911281
2019-09-30,Coinbase,1610886.347864,-17634.760283
2019-10-01,Coinbase,1919833.514352,308947.166488
2019-10-02,Coinbase,1673254.906638,-246578.607714
2019-10-03,Coinbase,1629214.723376,-44040.183262
2019-10-04,Coinbase,1641327.704143,12112.980767
2019-10-05,Coinbase,1640854.020292,-473.683851
2019-10-06,Coinbase,2000835.222071,359981.201779
2019-10-07,Coinbase,1986485.497002,-14349.725069
2019-10-08,Coinbase,1956708.065091,-29777.431911
2019-10-09,Coinbase,1935913.03708,-20795.028011
2019-10-10,Coinbase,2009182.337998,73269.300918
2019-10-11,Coinbase,1718648.402682,-290533.935316
2019-10-12,Coinbase,1704992.18209,-13656.220592
2019-10-13,Coinbase,1710196.699584,5204.517494
2019-10-14,Coinbase,1671882.884117,-38313.815467
2019-10-15,Coinbase,1581185.481995,-90697.402122
2019-10-16,Coinbase,1360665.072513,-220520.409482
2019-10-17,Coinbase,1341858.738925,-18806.333588
2019-10-18,Coinbase,1913081.652906,571222.913981
2019-10-19,Coinbase,1914867.80711,1786.154204
2019-10-20,Coinbase,1944379.664449,29511.857339
2019-10-21,Coinbase,1934513.888116,-9865.776333
2019-10-22,Coinbase,1971605.280762,37091.392646
2019-10-23,Coinbase,1845331.325787,-126273.954975
2019-10-24,Coinbase,1979466.267316,134134.941529
2019-10-25,Coinbase,1812484.102526,-166982.16479
2019-10-26,Coinbase,1846398.383271,33914.280745
2019-10-27,Coinbase,1965222.393916,118824.010645
2019-10-28,Coinbase,1942441.686628,-22780.707288
2019-10-29,Coinbase,1814155.011976,-128286.674652
2019-10-30,Coinbase,1874938.742699,60783.730723
2019-10-31,Coinbase,1700500.622818,-174438.119881
2019-11-01,Coinbase,1434608.127769,-265892.495049
2019-11-02,Coinbase,56473.123053,-1378135.004716
2019-11-03,Coinbase,2090450.498086,2033977.375033
2019-11-04,Coinbase,1999653.131525,-90797.366561
2019-11-05,Coinbase,1441896.71506,-557756.416465
2019-11-06,Coinbase,2029344.957391,587448.242331
2019-11-07,Coinbase,3987727.457191,1958382.4998
2019-11-08,Coinbase,4078430.99883,90703.541639
2019-11-09,Coinbase,4092100.435263,13669.436433
2019-11-10,Coinbase,3779943.660731,-312156.774532
2019-11-11,Coinbase,3016954.124268,-762989.536463
2019-11-12,Coinbase,3140865.48343,123911.359162
2019-11-13,Coinbase,2873199.202959,-267666.280471
2019-11-14,Coinbase,3158338.778802,285139.575843
2019-11-15,Coinbase,3427097.851713,268759.072911
2019-11-16,Coinbase,3771305.660328,344207.808615
2019-11-17,Coinbase,3782290.915081,10985.254753
2019-11-18,Coinbase,4018628.121653,236337.206572
2019-11-19,Coinbase,3987540.530039,-31087.591614
2019-11-20,Coinbase,4123213.523751,135672.993712
2019-11-21,Coinbase,3976335.421565,-146878.102186
2019-11-22,Coinbase,4078190.192888,101854.771323
2019-11-23,Coinbase,4077741.469816,-448.723072
2019-11-24,Coinbase,4077741.469816,0.0
2019-11-25,Coinbase,4077741.469816,0.0
2019-11-26,Coinbase,4077741.469816,0.0
2019-11-27,Coinbase,4078015.229415,273.759599
2019-11-28,Coinbase,3295914.449902,-782100.779513
2019-11-29,Coinbase,3309984.658825,14070.208923
2019-11-30,Coinbase,2683734.28782,-626250.371005
2019-12-01,Coinbase,2991879.064987,308144.777167
2019-12-02,Coinbase,3438478.322499,446599.257512
2019-12-03,Coinbase,3383261.835093,-55216.487406
2019-12-04,Coinbase,3588740.008528,205478.173435
2019-12-05,Coinbase,3703850.565243,115110.556715
2019-12-06,Coinbase,3735899.862926,32049.297683
2019-12-07,Coinbase,3741522.154907,5622.291981
2019-12-08,Coinbase,3579776.056335,-161746.098572
2019-12-09,Coinbase,3975351.8433,395575.786965
2019-12-10,Coinbase,4086965.319406,111613.476106
2019-12-11,Coinbase,4137727.557687,50762.238281
2019-12-12,Coinbase,4016840.109159,-120887.448528
2019-12-13,Coinbase,4098627.95489,81787.845731
2019-12-14,Coinbase,4025775.760849,-72852.194041
2019-12-15,Coinbase,3952113.85973,-73661.901119
2019-12-16,Coinbase,3318385.338826,-633728.520904
2019-12-17,Coinbase,3161671.961702,-156713.377124
2019-12-18,Coinbase,3942023.093724,780351.132022
2019-12-19,Coinbase,3978834.897815,36811.804091
2019-12-20,Coinbase,2280382.505573,-1698452.392242
2019-12-21,Coinbase,2147610.496816,-132772.008757
2019-12-22,Coinbase,1954451.549902,-193158.946914
2019-12-23,Coinbase,4001381.193581,2046929.643679
2019-12-24,Coinbase,3969639.200074,-31741.993507
2019-12-25,Coinbase,3758435.548199,-211203.651875
2019-12-26,Coinbase,3765399.186014,6963.637815
2019-12-27,Coinbase,3806662.992524,41263.80651
2019-12-28,Coinbase,3754406.139356,-52256.853168
2019-12-29,Coinbase,3699550.971071,-54855.168285
2019-12-30,Coinbase,4007209.484335,307658.513264
2019-12-31,Coinbase,3063204.845801,-944004.638534
2020-01-01,Coinbase,3046013.902243,-17190.943558
2020-01-02,Coinbase,2989738.952175,-56274.950068
2020-01-03,Coinbase,3094772.902875,105033.9507
2020-01-04,Coinbase,3038669.862692,-56103.040183
2020-01-05,Coinbase,4002780.005277,964110.142585
2020-01-06,Coinbase,3023520.924902,-979259.080375
2020-01-07,Coinbase,2992874.281735,-30646.643167
2020-01-08,Coinbase,3185101.722274,192227.440539
2020-01-09,Coinbase,3761747.637385,576645.915111
2020-01-10,Coinbase,3804590.137143,42842.499758
2020-01-11,Coinbase,3812014.695359,7424.558216
2020-01-12,Coinbase,3832118.342679,20103.64732
2020-01-13,Coinbase,3805815.959875,-26302.382804
2020-01-14,Coinbase,3803344.595897,-2471.363978
2020-01-15,Coinbase,3482740.307335,-320604.288562
2020-01-16,Coinbase,3723195.096045,240454.78871
2020-01-17,Coinbase,3996824.237864,273629.141819
2020-01-18,Coinbase,3999574.444282,2750.206418
2020-01-19,Coinbase,3137696.804394,-861877.639888
2020-01-20,Coinbase,3113504.025907,-24192.778487
2020-01-21,Coinbase,3585919.910153,472415.884246
2020-01-22,Coinbase,3526522.066613,-59397.84354
2020-01-23,Coinbase,3492508.753541,-34013.313072
2020-01-24,Coinbase,2223290.991053,-1269217.762488
2020-01-25,Coinbase,1941784.280757,-281506.710296
2020-01-26,Coinbase,1820409.291463,-121374.989294
2020-01-27,Coinbase,3820173.818736,1999764.527273
2020-01-28,Coinbase,3580840.234668,-239333.584068
2020-01-29,Coinbase,3373207.559887,-207632.674781
2020-01-30,Coinbase,3268382.998522,-104824.561365
2020-01-31,Coinbase,4018958.870506,750575.871984
2020-02-01,Coinbase,3975431.153266,-43527.71724
2020-02-02,Coinbase,3815608.835469,-159822.317797
2020-02-03,Coinbase,3723719.146283,-91889.689186
2020-02-04,Coinbase,3989613.412629,265894.266346
2020-02-05,Coinbase,3501584.272562,-488029.140067
2020-02-06,Coinbase,3970603.726238,469019.453676
2020-02-07,Coinbase,4158403.163805,187799.437567
2020-02-08,Coinbase,4088073.837974,-70329.325831
2020-02-09,Coinbase,3035668.154587,-1052405.683387
2020-02-10,Coinbase,3849493.251666,813825.097079
2020-02-11,Coinbase,4112442.299406,262949.04774
2020-02-12,Coinbase,2925083.264937,-1187359.034469
2020-02-13,Coinbase,2872788.41475,-52294.850187
2020-02-14,Coinbase,3193673.312079,320884.897329
2020-02-15,Coinbase,3900862.856003,707189.543924
2020-02-16,Coinbase,3752265.125135,-148597.730868
2020-02-17,Coinbase,3628121.985827,-124143.139308
2020-02-18,Coinbase,3734394.366188,106272.380361
2020-02-19,Coinbase,4152499.605697,418105.239509
2020-02-20,Coinbase,4059356.691604,-93142.914093
2020-02-21,Coinbase,4011265.527036,-48091.164568
2020-02-22,Coinbase,3303345.381424,-707920.145612
2020-02-23,Coinbase,3532577.038774,229231.65735
2020-02-24,Coinbase,1863139.112127,-1669437.926647
2020-02-25,Coinbase,4000705.957449,2137566.845322
2020-02-26,Coinbase,3650285.205013,-350420.752436
2020-02-27,Coinbase,3133148.778437,-517136.426576
2020-02-28,Coinbase,2661476.081436,-471672.697001
2020-02-29,Coinbase,3730088.486154,1068612.404718
2020-03-01,Coinbase,3999390.900425,269302.414271
2020-03-02,Coinbase,3389384.660841,-610006.239584
2020-03-03,Coinbase,2861961.409524,-527423.251317
2020-03-04,Coinbase,3163050.237745,301088.828221
2020-03-05,Coinbase,2399149.763995,-763900.47375
2020-03-06,Coinbase,3041471.938474,642322.174479
2020-03-07,Coinbase,3386129.517246,344657.578772
2020-03-08,Coinbase,3940341.924147,554212.406901
2020-03-09,Coinbase,3509883.337881,-430458.586266
2020-03-10,Coinbase,3582236.781965,72353.444084
2020-03-11,Coinbase,3145511.478775,-436725.30319
2020-03-12,Coinbase,3128441.433412,-17070.045363
2020-03-13,Coinbase,3751059.18168,622617.748268
2020-03-14,Coinbase,3589352.221911,-161706.959769
2020-03-15,Coinbase,3398021.121631,-191331.10028
2020-03-16,Coinbase,2549335.257764,-848685.863867
2020-03-17,Coinbase,2325601.013293,-223734.244471
2020-03-18,Coinbase,2595976.823248,270375.809955
2020-03-19,Coinbase,2431307.372972,-164669.450276
2020-03-20,Coinbase,1611533.68849,-819773.684482
2020-03-21,Coinbase,4014330.026947,2402796.338457
2020-03-22,Coinbase,3687200.843345,-327129.183602
2020-03-23,Coinbase,3344272.533656,-342928.309689
2020-03-24,Coinbase,3198630.662535,-145641.871121
2020-03-25,Coinbase,3142329.230729,-56301.431806
2020-03-26,Coinbase,3345060.491562,202731.260833
2020-03-27,Coinbase,3668076.726458,323016.234896
2020-03-28,Coinbase,3733349.232879,65272.506421
2020-03-29,Coinbase,4004160.485977,270811.253098
2020-03-30,Coinbase,3735813.12624,-268347.359737
2020-03-31,Coinbase,2890036.127878,-845776.998362
2020-04-01,Coinbase,3001926.541306,111890.413428
2020-04-02,Coinbase,2739156.724573,-262769.816733
2020-04-03,Coinbase,2466147.923226,-273008.801347
2020-04-04,Coinbase,2823434.443442,357286.520216
2020-04-05,Coinbase,2694675.853283,-128758.590159
2020-04-06,Coinbase,2470382.26901,-224293.584273
2020-04-07,Coinbase,2438294.627206,-32087.641804
2020-04-08,Coinbase,2265682.059349,-172612.567857
2020-04-09,Coinbase,2701131.760879,435449.70153
2020-04-10,Coinbase,3538258.612298,837126.851419
2020-04-11,Coinbase,4016301.750391,478043.138093
2020-04-12,Coinbase,3349433.402982,-666868.347409
2020-04-13,Coinbase,3858135.045448,508701.642466
2020-04-14,Coinbase,4021705.360049,163570.314601
2020-04-15,Coinbase,3725383.852093,-296321.507956
2020-04-16,Coinbase,3175382.089727,-550001.762366
2020-04-17,Coinbase,2693998.249445,-481383.840282
2020-04-18,Coinbase,3989242.371295,1295244.12185
2020-04-19,Coinbase,3951939.178849,-37303.192446
2020-04-20,Coinbase,3951623.18274,-315.996109
2020-04-21,Coinbase,4004364.056894,52740.874154
2020-04-22,Coinbase,3765174.953701,-239189.103193
2020-04-23,Coinbase,3510076.499145,-255098.454556
2020-04-24,Coinbase,2916401.228933,-593675.270212
2020-04-25,Coinbase,3548652.725658,632251.496725
2020-04-26,Coinbase,3858590.718414,309937.992756
2020-04-27,Coinbase,3430085.643656,-428505.074758
2020-04-28,Coinbase,3450077.231552,19991.587896
2020-04-29,Coinbase,2931429.126619,-518648.104933
2020-04-30,Coinbase,4031312.378998,1099883.252379
2020-05-01,Coinbase,2326823.693976,-1704488.685022
2020-05-02,Coinbase,1973830.613564,-352993.080412
2020-05-03,Coinbase,3292655.138782,1318824.525218
2020-05-04,Coinbase,3229789.193789,-62865.944993
2020-05-05,Coinbase,2201103.362866,-1028685.830923
2020-05-06,Coinbase,2107883.545301,-93219.817565
2020-05-07,Coinbase,4136995.638829,2029112.093528
2020-05-08,Coinbase,3905726.673285,-231268.965544
2020-05-09,Coinbase,3609487.457267,-296239.216018
2020-05-10,Coinbase,4020187.045278,410699.588011
2020-05-11,Coinbase,2822840.230023,-1197346.815255
2020-05-12,Coinbase,2335228.923319,-487611.306704
2020-05-13,Coinbase,3992484.223847,1657255.300528
2020-05-14,Coinbase,3993366.012845,881.788998
2020-05-15,Coinbase,3346000.2884,-647365.724445
2020-05-16,Coinbase,3980716.298067,634716.009667
2020-05-17,Coinbase,4103593.76937,122877.471303
2020-05-18,Coinbase,3493696.729761,-609897.039609
2020-05-19,Coinbase,3349773.395819,-143923.333942
2020-05-20,Coinbase,2871745.358485,-478028.037334
2020-05-21,Coinbase,2908816.727233,37071.368748
2020-05-22,Coinbase,3371194.937806,462378.210573
2020-05-23,Coinbase,2717194.785903,-654000.151903
2020-05-24,Coinbase,1623234.948079,-1093959.837824
2020-05-25,Coinbase,3935580.796723,2312345.848644
2020-05-26,Coinbase,4089374.756803,153793.96008
2020-05-27,Coinbase,4022547.539537,-66827.217266
2020-05-28,Coinbase,4097561.202226,75013.662689
2020-05-29,Coinbase,4125874.228599,28313.026373
2020-05-30,Coinbase,3689127.688162,-436746.540437
2020-05-31,Coinbase,3790728.389139,101600.700977
2020-06-01,Coinbase,3988062.592995,197334.203856
2020-06-02,Coinbase,3825060.448325,-163002.14467
2020-06-03,Coinbase,3784032.679677,-41027.768648
2020-06-04,Coinbase,4001133.128835,217100.449158
2020-06-05,Coinbase,3786831.402892,-214301.725943
2020-06-06,Coinbase,3414169.031318,-372662.371574
2020-06-07,Coinbase,3263534.288151,-150634.743167
2020-06-08,Coinbase,3070074.16138,-193460.126771
2020-06-09,Coinbase,2175101.505316,-894972.656064
2020-06-10,Coinbase,4043316.442024,1868214.936708
2020-06-11,Coinbase,3604330.015878,-438986.426146
2020-06-12,Coinbase,3231505.785344,-372824.230534
2020-06-13,Coinbase,3185239.830432,-46265.954912
2020-06-14,Coinbase,3285056.029336,99816.198904
2020-06-15,Coinbase,3201123.226598,-83932.802738
2020-06-16,Coinbase,2787712.218712,-413411.007886
2020-06-17,Coinbase,2801806.96641,14094.747698
2020-06-18,Coinbase,2669544.38966,-132262.57675
2020-06-19,Coinbase,2536912.33966,-132632.05
2020-06-20,Coinbase,3029454.091232,492541.751572
2020-06-21,Coinbase,3064428.780473,34974.689241
2020-06-22,Coinbase,2795906.919788,-268521.860685
2020-06-23,Coinbase,2993279.338994,197372.419206
2020-06-24,Coinbase,4135992.88477,1142713.545776
2020-06-25,Coinbase,4066045.498305,-69947.386465
2020-06-26,Coinbase,4008887.775191,-57157.723114
2020-06-27,Coinbase,3874181.329776,-134706.445415
2020-06-28,Coinbase,3697915.11773,-176266.212046
2020-06-29,Coinbase,3756048.887037,58133.769307
2020-06-30,Coinbase,3919444.380977,163395.49394
2020-07-01,Coinbase,3586704.211962,-332740.169015
2020-07-02,Coinbase,3791951.895544,205247.683582
2020-07-03,Coinbase,3341166.530381,-450785.365163
2020-07-04,Coinbase,2983295.580276,-357870.950105
2020-07-05,Coinbase,2703308.34766,-279987.232616
2020-07-06,Coinbase,3870089.693225,1166781.345565
2020-07-07,Coinbase,3812206.454564,-57883.238661
2020-07-08,Coinbase,2266173.558295,-1546032.896269
2020-07-09,Coinbase,1711982.326365,-554191.23193
2020-07-10,Coinbase,2620311.444332,908329.117967
2020-07-11,Coinbase,3725417.343861,1105105.899529
2020-07-12,Coinbase,3690903.583812,-34513.760049
2020-07-13,Coinbase,2979052.387253,-711851.196559
2020-07-14,Coinbase,4028159.591581,1049107.204328
2020-07-15,Coinbase,3691714.560059,-336445.031522
2020-07-16,Coinbase,4015493.053236,323778.493177
2020-07-17,Coinbase,4201056.644108,185563.590872
2020-07-18,Coinbase,3940479.941663,-260576.702445
2020-07-19,Coinbase,4034116.106297,93636.164634
2020-07-20,Coinbase,3994611.872455,-39504.233842
2020-07-21,Coinbase,3440141.590876,-554470.281579
2020-07-22,Coinbase,2960137.150092,-480004.440784
2020-07-23,Coinbase,2627819.01272,-332318.137372
2020-07-24,Coinbase,3979348.43643,1351529.42371
2020-07-25,Coinbase,3406716.668081,-572631.768349
2020-07-26,Coinbase,3769040.932207,362324.264126
2020-07-27,Coinbase,4094957.436005,325916.503798
2020-07-28,Coinbase,3948601.5661,-146355.869905
2020-07-29,Coinbase,3844893.382077,-103708.184023
2020-07-30,Coinbase,2640368.860918,-1204524.521159
2020-07-31,Coinbase,3655027.317034,1014658.456116
2020-08-01,Coinbase,3269609.240066,-385418.076968
2020-08-02,Coinbase,4018154.943259,748545.703193
2020-08-03,Coinbase,4110978.604511,92823.661252
2020-08-04,Coinbase,3948361.121739,-162617.482772
2020-08-05,Coinbase,2084488.512753,-1863872.608986
2020-08-06,Coinbase,3136426.212138,1051937.699385
2020-08-07,Coinbase,2852096.489764,-284329.722374
2020-08-08,Coinbase,4084934.455447,1232837.965683
2020-08-09,Coinbase,4004576.894004,-80357.561443
2020-08-10,Coinbase,3750083.43353,-254493.460474
2020-08-11,Coinbase,3976993.236749,226909.803219
2020-08-12,Coinbase,3823515.095213,-153478.141536
2020-08-13,Coinbase,4016939.447402,193424.352189
2020-08-14,Coinbase,3517934.869644,-499004.577758
2020-08-15,Coinbase,2947732.683134,-570202.18651
2020-08-16,Coinbase,2342163.467948,-605569.215186
2020-08-17,Coinbase,5232117.627715,2889954.159767
2020-08-18,Coinbase,2886156.539826,-2345961.087889
2020-08-19,Coinbase,3504347.919407,618191.379581
2020-08-20,Coinbase,2478085.952009,-1026261.967398
2020-08-21,Coinbase,3889642.835326,1411556.883317
2020-08-22,Coinbase,3458063.803012,-431579.032314
2020-08-23,Coinbase,2715868.493093,-742195.309919
2020-08-24,Coinbase,3647372.362565,931503.869472
2020-08-25,Coinbase,3822924.883504,175552.520939
2020-08-26,Coinbase,3945051.701838,122126.818334
2020-08-27,Coinbase,3944450.634822,-601.067016
2020-08-28,Coinbase,3047543.865131,-896906.769691
2020-08-29,Coinbase,2620056.153779,-427487.711352
2020-08-30,Coinbase,3483131.545843,863075.392064
2020-08-31,Coinbase,2486155.842205,-996975.703638
2020-09-01,Coinbase,2774453.477686,288297.635481
2020-09-02,Coinbase,3965975.311164,1191521.833478
2020-09-03,Coinbase,4396638.056219,430662.745055
2020-09-04,Coinbase,3609134.972194,-787503.084025
2020-09-05,Coinbase,3772672.325001,163537.352807
2020-09-06,Coinbase,3631397.527223,-141274.797778
2020-09-07,Coinbase,3777779.297889,146381.770666
2020-09-08,Coinbase,4080135.166946,302355.869057
2020-09-09,Coinbase,3998689.264764,-81445.902182
2020-09-10,Coinbase,4057582.912306,58893.647542
2020-09-11,Coinbase,2939594.206671,-1117988.705635
2020-09-12,Coinbase,2169620.99755,-769973.209121
2020-09-13,Coinbase,2503793.386569,334172.389019
2020-09-14,Coinbase,3850849.677227,1347056.290658
2020-09-15,Coinbase,3167504.218258,-683345.458969
2020-09-16,Coinbase,3241498.630902,73994.412644
2020-09-17,Coinbase,2715670.351133,-525828.279769
2020-09-18,Coinbase,2522286.273968,-193384.077165
2020-09-19,Coinbase,3212416.183647,690129.909679
2020-09-20,Coinbase,2764615.165324,-447801.018323
2020-09-21,Coinbase,3993184.178066,1228569.012742
2020-09-22,Coinbase,4052823.535769,59639.357703
2020-09-23,Coinbase,2734933.569768,-1317889.966001
2020-09-24,Coinbase,3809861.907818,1074928.33805
2020-09-25,Coinbase,3725295.478511,-84566.429307
2020-09-26,Coinbase,3548284.150254,-177011.328257
2020-09-27,Coinbase,3405117.509565,-143166.640689
2020-09-28,Coinbase,1603908.834604,-1801208.674961
2020-09-29,Coinbase,2605547.292679,1001638.458075
2020-09-30,Coinbase,3476891.847994,871344.555315
2020-10-01,Coinbase,3740816.886272,263925.038278
2020-10-02,Coinbase,3869961.558218,129144.671946
2020-10-03,Coinbase,4045256.071287,175294.513069
2020-10-04,Coinbase,3243682.792596,-801573.278691
2020-10-05,Coinbase,2694877.658854,-548805.133742
2020-10-06,Coinbase,3701981.356158,1007103.697304
2020-10-07,Coinbase,4152729.382579,450748.026421
2020-10-08,Coinbase,2799720.202675,-1353009.179904
2020-10-09,Coinbase,2161232.366983,-638487.835692
2020-10-10,Coinbase,3101160.695131,939928.328148
2020-10-11,Coinbase,2773126.677244,-328034.017887
2020-10-12,Coinbase,3384983.93229,611857.255046
2020-10-13,Coinbase,3993818.374021,608834.441731
2020-10-14,Coinbase,3884066.732926,-109751.641095
2020-10-15,Coinbase,4015115.41215,131048.679224
2020-10-16,Coinbase,3962556.470198,-52558.941952
2020-10-17,Coinbase,3512891.162926,-449665.307272
2020-10-18,Coinbase,3075898.263394,-436992.899532
2020-10-19,Coinbase,3093350.645789,17452.382395
2020-10-20,Coinbase,4119666.48612,1026315.840331
2020-10-21,Coinbase,3709415.77752,-410250.7086
2020-10-22,Coinbase,3126647.516193,-582768.261327
2020-10-23,Coinbase,3245181.437981,118533.921788
2020-10-24,Coinbase,2974609.374459,-270572.063522
2020-10-25,Coinbase,3189116.888348,214507.513889
2020-10-26,Coinbase,2957210.658747,-231906.229601
2020-10-27,Coinbase,4127915.231118,1170704.572371
2020-10-28,Coinbase,4011881.776775,-116033.454343
2020-10-29,Coinbase,3841431.221401,-170450.555374
2020-10-30,Coinbase,3880170.588487,38739.367086
2020-10-31,Coinbase,3944672.53562,64501.947133
2020-11-01,Coinbase,3911397.675978,-33274.859642
2020-11-02,Coinbase,3584826.761055,-326570.914923
2020-11-03,Coinbase,3334251.468037,-250575.293018
2020-11-04,Coinbase,3938467.079725,604215.611688
2020-11-05,Coinbase,3832239.785203,-106227.294522
2020-11-06,Coinbase,4039072.396048,206832.610845
2020-11-07,Coinbase,3633938.579567,-405133.816481
2020-11-08,Coinbase,3920203.630944,286265.051377
2020-11-09,Coinbase,2076210.091498,-1843993.539446
2020-11-10,Coinbase,3125285.081952,1049074.990454
2020-11-11,Coinbase,3257395.357152,132110.2752
2020-11-12,Coinbase,2730708.30863,-526687.048522
2020-11-13,Coinbase,3041167.18809,310458.87946
2020-11-14,Coinbase,2115935.312016,-925231.876074
2020-11-15,Coinbase,3327382.543139,1211447.231123
2020-11-16,Coinbase,3921611.994999,594229.45186
2020-11-17,Coinbase,3949693.32259,28081.327591
2020-11-18,Coinbase,1591058.208776,-2358635.113814
2020-11-19,Coinbase,3638271.542513,2047213.333737
2020-11-20,Coinbase,3755163.118417,116891.575904
2020-11-21,Coinbase,2528781.059667,-1226382.05875
2020-11-22,Coinbase,3418333.702088,889552.642421
2020-11-23,Coinbase,3255068.946926,-163264.755162
2020-11-24,Coinbase,4177348.899356,922279.95243
2020-11-25,Coinbase,3979937.149937,-197411.749419
2020-11-26,Coinbase,3662324.408688,-317612.741249
2020-11-27,Coinbase,2499800.666386,-1162523.742302
2020-11-28,Coinbase,3515307.629074,1015506.962688
2020-11-29,Coinbase,3986572.672257,471265.043183
2020-11-30,Coinbase,3643833.559201,-342739.113056
2020-12-01,Coinbase,3803752.681271,159919.12207
2020-12-02,Coinbase,2412940.921584,-1390811.759687
2020-12-03,Coinbase,2521184.425524,108243.50394
2020-12-04,Coinbase,1982613.38652,-538571.039004
2020-12-05,Coinbase,3543143.655447,1560530.268927
2020-12-06,Coinbase,2399596.045613,-1143547.609834
2020-12-07,Coinbase,4039779.588469,1640183.542856
2020-12-08,Coinbase,3907874.996322,-131904.592147
2020-12-09,Coinbase,3654680.300138,-253194.696184
2020-12-10,Coinbase,3283247.717688,-371432.58245
2020-12-11,Coinbase,3505895.637351,222647.919663
2020-12-12,Coinbase,3352080.227017,-153815.410334
2020-12-13,Coinbase,3559479.131556,207398.904539
2020-12-14,Coinbase,3692774.808989,133295.677433
2020-12-15,Coinbase,3128045.529462,-564729.279527
2020-12-16,Coinbase,2891786.655481,-236258.873981
2020-12-17,Coinbase,2871018.582838,-20768.072643
2020-12-18,Coinbase,3956778.21977,1085759.636932
2020-12-19,Coinbase,3505425.497862,-451352.721908
2020-12-20,Coinbase,1979466.015179,-1525959.482683
2020-12-21,Coinbase,4990816.172839,3011350.15766
2020-12-22,Coinbase,4061780.320368,-929035.852471
2020-12-23,Coinbase,3825834.93586,-235945.384508
2020-12-24,Coinbase,4082461.584968,256626.649108
2020-12-25,Coinbase,4046418.274757,-36043.310211
2020-12-26,Coinbase,4084757.201887,38338.92713
2020-12-27,Coinbase,3926974.113005,-157783.088882
2020-12-28,Coinbase,3670023.934808,-256950.178197
2020-12-29,Coinbase,3568341.408418,-101682.52639
2020-12-30,Coinbase,3729701.231451,161359.823033
2020-12-31,Coinbase,1998170.860291,-1731530.37116
2021-01-01,Coinbase,3620269.473193,1622098.612902
2021-01-02,Coinbase,4097980.13318,477710.659987
2021-01-03,Coinbase,3260208.631039,-837771.502141
2021-01-04,Coinbase,3008939.615109,-251269.01593
2021-01-05,Coinbase,3858173.660056,849234.044947
2021-01-06,Coinbase,3935674.675408,77501.015352
2021-01-07,Coinbase,3061985.546979,-873689.128429
2021-01-08,Coinbase,3030961.913645,-31023.633334
2021-01-09,Coinbase,3804470.631193,773508.717548
2021-01-10,Coinbase,4013833.873058,209363.241865
2021-01-11,Coinbase,3482592.11405,-531241.759008
2021-01-12,Coinbase,4153344.671462,670752.557412
2021-01-13,Coinbase,4023193.335739,-130151.335723
2021-01-14,Coinbase,3897580.926126,-125612.409613
2021-01-15,Coinbase,3956537.483468,58956.557342
2021-01-16,Coinbase,3252254.268941,-704283.214527
2021-01-17,Coinbase,1904886.348321,-1347367.92062
2021-01-18,Coinbase,4167275.874887,2262389.526566
2021-01-19,Coinbase,3966748.914348,-200526.960539
2021-01-20,Coinbase,2769414.097867,-1197334.816481
2021-01-21,Coinbase,3998467.519752,1229053.421885
2021-01-22,Coinbase,4178685.322461,180217.802709
2021-01-23,Coinbase,4019974.170257,-158711.152204
2021-01-24,Coinbase,3212258.703253,-807715.467004
2021-01-25,Coinbase,2359729.776416,-852528.926837
2021-01-26,Coinbase,3351398.173848,991668.397432
2021-01-27,Coinbase,4020383.108719,668984.934871
2021-01-28,Coinbase,4038226.769801,17843.661082
2021-01-29,Coinbase,4131736.882823,93510.113022
2021-01-30,Coinbase,3981481.923251,-150254.959572
2021-01-31,Coinbase,4046232.288462,64750.365211
2021-02-01,Coinbase,3335374.988657,-710857.299805
2021-02-02,Coinbase,1915763.332711,-1419611.655946
2021-02-03,Coinbase,2532725.113199,616961.780488
2021-02-04,Coinbase,3978032.243902,1445307.130703
2021-02-05,Coinbase,2836039.768681,-1141992.475221
2021-02-06,Coinbase,2870181.184142,34141.415461
2021-02-07,Coinbase,2455735.650158,-414445.533984
2021-02-08,Coinbase,2743069.33947,287333.689312
2021-02-09,Coinbase,2575390.669576,-167678.669894
2021-02-10,Coinbase,2624220.173183,48829.503607
2021-02-11,Coinbase,2904695.37793,280475.204747
2021-02-12,Coinbase,1518635.875825,-1386059.502105
2021-02-13,Coinbase,700967.177599,-817668.698226
2021-02-14,Coinbase,1487355.746774,786388.569175
2021-02-15,Coinbase,1481783.312546,-5572.434228
2021-02-16,Coinbase,1390300.191192,-91483.121354
2021-02-17,Coinbase,1397378.368472,7078.17728
2021-02-18,Coinbase,1003360.271043,-394018.097429
2021-02-19,Coinbase,1197895.342137,194535.071094
2021-02-20,Coinbase,1468450.172325,270554.830188
2021-02-21,Coinbase,1487675.032422,19224.860097
2021-02-22,Coinbase,1160245.36302,-327429.669402
2021-02-23,Coinbase,1345438.478076,185193.115056
2021-02-24,Coinbase,1412846.859286,67408.38121
2021-02-25,Coinbase,1552796.257338,139949.398052
2021-02-26,Coinbase,1516704.898836,-36091.358502
2021-02-27,Coinbase,10618.27511,-1506086.623726
2021-02-28,Coinbase,1355817.998346,1345199.723236
2021-03-01,Coinbase,1378405.87506,22587.876714
2021-03-02,Coinbase,1440037.299365,61631.424305
2021-03-03,Coinbase,1050.400064,-1438986.899301
2021-03-04,Coinbase,1586737.964158,1585687.564094
2021-03-05,Coinbase,884124.682539,-702613.281619
2021-03-06,Coinbase,1406397.552983,522272.870444
2021-03-07,Coinbase,1078300.00723,-328097.545753
2021-03-08,Coinbase,1541301.490969,463001.483739
2021-03-09,Coinbase,1714833.241841,173531.750872
2021-03-10,Coinbase,2196965.361638,482132.119797
2021-03-11,Coinbase,1595913.585777,-601051.775861
2021-03-12,Coinbase,2132426.049666,536512.463889
2021-03-13,Coinbase,3947.093462,-2128478.956204
2021-03-14,Coinbase,9776.459078,5829.365616
2021-03-15,Coinbase,1248474.3388,1238697.879722
2021-03-16,Coinbase,798247.953121,-450226.385679
2021-03-17,Coinbase,2166757.328882,1368509.375761
2021-03-18,Coinbase,2070906.951171,-95850.377711
2021-03-19,Coinbase,1622374.082512,-448532.868659
2021-03-20,Coinbase,686695.563056,-935678.519456
2021-03-21,Coinbase,1561455.758364,874760.195308
2021-03-22,Coinbase,2071490.050269,510034.291905
2021-03-23,Coinbase,2139345.2263,67855.176031
2021-03-24,Coinbase,2269171.108372,129825.882072
2021-03-25,Coinbase,418098.72245,-1851072.385922
2021-03-26,Coinbase,1815555.500599,1397456.778149
2021-03-27,Coinbase,15432.799391,-1800122.701208
2021-03-28,Coinbase,1743113.1499,1727680.350509
2021-03-29,Coinbase,1883421.173576,140308.023676
2021-03-30,Coinbase,1967023.658184,83602.484608
2021-03-31,Coinbase,1736960.453769,-230063.204415
2021-04-01,Coinbase,1694017.072665,-42943.381104
2021-04-02,Coinbase,1515027.192289,-178989.880376
2021-04-03,Coinbase,2051064.543016,536037.350727
2021-04-04,Coinbase,1329431.914163,-721632.628853
2021-04-05,Coinbase,1766951.114895,437519.200732
2021-04-06,Coinbase,1569489.184489,-197461.930406
2021-04-07,Coinbase,1789542.998554,220053.814065
2021-04-08,Coinbase,1799362.662606,9819.664052
2021-04-09,Coinbase,1667495.507636,-131867.15497
2021-04-10,Coinbase,1718626.31922,51130.811584
2021-04-11,Coinbase,4371.774521,-1714254.544699
2021-04-12,Coinbase,1584371.182406,1579999.407885
2021-04-13,Coinbase,755548.105095,-828823.077311
2021-04-14,Coinbase,1623380.341266,867832.236171
2021-04-15,Coinbase,711900.299339,-911480.041927
2021-04-16,Coinbase,1602882.794455,890982.495116
2021-04-17,Coinbase,102506.173826,-1500376.620629
2021-04-18,Coinbase,1635638.747901,1533132.574075
2021-04-19,Coinbase,1648348.804401,12710.0565
2021-04-20,Coinbase,1245025.892119,-403322.912282
2021-04-21,Coinbase,906679.750512,-338346.141607
2021-04-22,Coinbase,1978147.97206,1071468.221548
2021-04-23,Coinbase,2257171.556847,279023.584787
2021-04-24,Coinbase,2144001.673641,-113169.883206
2021-04-25,Coinbase,2176545.377604,32543.703963
2021-04-26,Coinbase,1935748.633837,-240796.743767
2021-04-27,Coinbase,1690602.169407,-245146.46443
2021-04-28,Coinbase,1191682.389652,-498919.779755
2021-04-29,Coinbase,2305400.05316,1113717.663508
2021-04-30,Coinbase,1808702.274466,-496697.778694
2021-05-01,Coinbase,2687054.468991,878352.194525
2021-05-02,Coinbase,2098504.461269,-588550.007722
2021-05-03,Coinbase,2327958.32495,229453.863681
2021-05-04,Coinbase,3029014.211201,701055.886251
2021-05-05,Coinbase,2017825.093527,-1011189.117674
2021-05-06,Coinbase,1804633.0623,-213192.031227
2021-05-07,Coinbase,2139234.986028,334601.923728
2021-05-08,Coinbase,2565502.546036,426267.560008
2021-05-09,Coinbase,2424041.719897,-141460.826139
2021-05-10,Coinbase,2780359.438205,356317.718308
2021-05-11,Coinbase,2851393.868061,71034.429856
2021-05-12,Coinbase,2875567.099087,24173.231026
2021-05-13,Coinbase,2841150.678142,-34416.420945
2021-05-14,Coinbase,2297388.948253,-543761.729889
2021-05-15,Coinbase,2121812.560172,-175576.388081
2021-05-16,Coinbase,2812038.248477,690225.688305
2021-05-17,Coinbase,3016249.03934,204210.790863
2021-05-18,Coinbase,2689886.426634,-326362.612706
2021-05-19,Coinbase,3663038.835137,973152.408503
2021-05-20,Coinbase,3558602.68433,-104436.150807
2021-05-21,Coinbase,3983343.078023,424740.393693
2021-05-22,Coinbase,4058850.627908,75507.549885
2021-05-23,Coinbase,4696476.904149,637626.276241
2021-05-24,Coinbase,3553660.573184,-1142816.330965
2021-05-25,Coinbase,3659949.923902,106289.350718
2021-05-26,Coinbase,3451793.761893,-208156.162009
2021-05-27,Coinbase,3308957.15403,-142836.607863
2021-05-28,Coinbase,3771297.314613,462340.160583
2021-05-29,Coinbase,4463762.782472,692465.467859
2021-05-30,Coinbase,4664363.580017,200600.797545
2021-05-31,Coinbase,5122.781995,-4659240.798022
2021-06-01,Coinbase,3774891.566526,3769768.784531
2021-06-02,Coinbase,3834643.634087,59752.067561
2021-06-03,Coinbase,3387099.69731,-447543.936777
2021-06-04,Coinbase,3808935.111605,421835.414295
2021-06-05,Coinbase,3828103.120595,19168.00899
2021-06-06,Coinbase,3944730.141332,116627.020737
2021-06-07,Coinbase,3823801.018595,-120929.122737
2021-06-08,Coinbase,4325094.535153,501293.516558
2021-06-09,Coinbase,3484231.970449,-840862.564704
2021-06-10,Coinbase,3811399.419197,327167.448748
2021-06-11,Coinbase,2880690.648805,-930708.770392
2021-06-12,Coinbase,3891223.759216,1010533.110411
2021-06-13,Coinbase,3041205.804822,-850017.954394
2021-06-14,Coinbase,3176396.222652,135190.41783
2021-06-15,Coinbase,3413886.599099,237490.376447
2021-06-16,Coinbase,3548091.387933,134204.788834
2021-06-17,Coinbase,2468626.201129,-1079465.186804
2021-06-18,Coinbase,4028164.603955,1559538.402826
2021-06-19,Coinbase,4169664.689051,141500.085096
2021-06-20,Coinbase,4457446.932044,287782.242993
2021-06-21,Coinbase,4856737.114248,399290.182204
2021-06-22,Coinbase,4904114.15834,47377.044092
2021-06-23,Coinbase,4878871.816005,-25242.342335
2021-06-24,Coinbase,4050253.163713,-828618.652292
2021-06-25,Coinbase,76.000113,-4050177.1636
2021-06-26,Coinbase,4196100.502424,4196024.502311
2021-06-27,Coinbase,2480521.38626,-1715579.116164
2021-06-28,Coinbase,3123324.241119,642802.854859
2021-06-29,Coinbase,2572124.19607,-551200.045049
2021-06-30,Coinbase,4027848.216098,1455724.020028
2021-07-01,Coinbase,4823186.617519,795338.401421
2021-07-02,Coinbase,4619736.943958,-203449.673561
2021-07-03,Coinbase,4126000.308648,-493736.63531
2021-07-04,Coinbase,1405876.941198,-2720123.36745
2021-07-05,Coinbase,4208203.827491,2802326.886293
2021-07-06,Coinbase,3216334.430931,-991869.39656
2021-07-07,Coinbase,4413075.827264,1196741.396333
2021-07-08,Coinbase,4452604.682559,39528.855295
2021-07-09,Coinbase,3826763.680376,-625841.002183
2021-07-10,Coinbase,3344168.647809,-482595.032567
2021-07-11,Coinbase,2790783.131399,-553385.51641
2021-07-12,Coinbase,3235204.895855,444421.764456
2021-07-13,Coinbase,4147468.592469,912263.696614
2021-07-14,Coinbase,4696669.604133,549201.011664
2021-07-15,Coinbase,2717466.413105,-1979203.191028
2021-07-16,Coinbase,4918744.694403,2201278.281298
2021-07-17,Coinbase,4566930.248669,-351814.445734
2021-07-18,Coinbase,4544497.949866,-22432.298803
2021-07-19,Coinbase,5061894.505524,517396.555658
2021-07-20,Coinbase,3811928.339314,-1249966.16621
2021-07-21,Coinbase,5311330.535024,1499402.19571
2021-07-22,Coinbase,5037028.405218,-274302.129806
2021-07-23,Coinbase,3910414.238709,-1126614.166509
2021-07-24,Coinbase,2654217.761293,-1256196.477416
2021-07-25,Coinbase,3797980.53636,1143762.775067
2021-07-26,Coinbase,4548011.100728,750030.564368
2021-07-27,Coinbase,4923871.76131,375860.660582
2021-07-28,Coinbase,3470995.47015,-1452876.29116
2021-07-29,Coinbase,2614427.032365,-856568.437785
2021-07-30,Coinbase,4820805.702163,2206378.669798
2021-07-31,Coinbase,4445389.389142,-375416.313021
2021-08-01,Coinbase,2691163.6152,-1754225.773942
2021-08-02,Coinbase,4837883.322529,2146719.707329
2021-08-03,Coinbase,4744746.685236,-93136.637293
2021-08-04,Coinbase,3554690.423544,-1190056.261692
2021-08-05,Coinbase,4050884.802549,496194.379005
2021-08-06,Coinbase,3506798.241137,-544086.561412
2021-08-07,Coinbase,3861102.600292,354304.359155
2021-08-08,Coinbase,3219526.881082,-641575.71921
2021-08-09,Coinbase,2374046.859393,-845480.021689
2021-08-10,Coinbase,3011422.967931,637376.108538
2021-08-11,Coinbase,3931464.254766,920041.286835
2021-08-12,Coinbase,3995210.087562,63745.832796
2021-08-13,Coinbase,2907691.90423,-1087518.183332
2021-08-14,Coinbase,4398529.042617,1490837.138387
2021-08-15,Coinbase,2468848.48969,-1929680.552927
2021-08-16,Coinbase,4047487.986747,1578639.497057
2021-08-17,Coinbase,4043461.796627,-4026.19012
2021-08-18,Coinbase,3344004.098813,-699457.697814
2021-08-19,Coinbase,2818393.617955,-525610.480858
2021-08-20,Coinbase,2706457.005616,-111936.612339
2021-08-21,Coinbase,3516706.856203,810249.850587
2021-08-22,Coinbase,3546058.728308,29351.872105
2021-08-23,Coinbase,3913393.375928,367334.64762
2021-08-24,Coinbase,3429176.304035,-484217.071893
2021-08-25,Coinbase,2437223.099063,-991953.204972
2021-08-26,Coinbase,3095288.118074,658065.019011
2021-08-27,Coinbase,3121088.508848,25800.390774
2021-08-28,Coinbase,2854509.428296,-266579.080552
2021-08-29,Coinbase,3467558.036008,613048.607712
2021-08-30,Coinbase,2807891.207111,-659666.828897
2021-08-31,Coinbase,2821662.542416,13771.335305
2021-09-01,Coinbase,2254478.466204,-567184.076212
2021-09-02,Coinbase,3354855.110552,1100376.644348
2021-09-03,Coinbase,2701003.769638,-653851.340914
2021-09-04,Coinbase,2915034.825523,214031.055885
2021-09-05,Coinbase,2705119.800088,-209915.025435
2021-09-06,Coinbase,1289997.214592,-1415122.585496
2021-09-07,Coinbase,2601974.647683,1311977.433091
2021-09-08,Coinbase,192699.443848,-2409275.203835
2021-09-09,Coinbase,1357715.791125,1165016.347277
2021-09-10,Coinbase,1135554.208871,-222161.582254
2021-09-11,Coinbase,1909801.927565,774247.718694
2021-09-12,Coinbase,1033796.120103,-876005.807462
2021-09-13,Coinbase,94.339487,-1033701.780616
2021-09-14,Coinbase,1897013.471692,1896919.132205
2021-09-15,Coinbase,1863336.356841,-33677.114851
2021-09-16,Coinbase,1528644.414803,-334691.942038
2021-09-17,Coinbase,2081110.607323,552466.19252
2021-09-18,Coinbase,1290114.213875,-790996.393448
2021-09-19,Coinbase,1612470.480193,322356.266318
2021-09-20,Coinbase,2290968.02532,678497.545127
2021-09-21,Coinbase,2021537.217169,-269430.808151
2021-09-22,Coinbase,2127050.835576,105513.618407
2021-09-23,Coinbase,1849227.853409,-277822.982167
2021-09-24,Coinbase,2080116.992354,230889.138945
2021-09-25,Coinbase,1505376.929262,-574740.063092
2021-09-26,Coinbase,1624233.714707,118856.785445
2021-09-27,Coinbase,2239609.480003,615375.765296
2021-09-28,Coinbase,1286122.621165,-953486.858838
2021-09-29,Coinbase,2560735.451971,1274612.830806
2021-09-30,Coinbase,651579.375048,-1909156.076923
2021-10-01,Coinbase,1623416.987209,971837.612161
2021-10-02,Coinbase,1260210.518135,-363206.469074
2021-10-03,Coinbase,28188.877518,-1232021.640617
2021-10-04,Coinbase,1581569.362152,1553380.484634
2021-10-05,Coinbase,222070.754423,-1359498.607729
2021-10-06,Coinbase,2017137.661335,1795066.906912
2021-10-07,Coinbase,768834.385812,-1248303.275523
2021-10-08,Coinbase,1810417.849566,1041583.463754
2021-10-09,Coinbase,129407.098054,-1681010.751512
2021-10-10,Coinbase,2086250.025637,1956842.927583
2021-10-11,Coinbase,2232246.398888,145996.373251
2021-10-12,Coinbase,935615.982054,-1296630.416834
2021-10-13,Coinbase,446848.95706,-488767.024994
2021-10-14,Coinbase,2235331.355138,1788482.398078
2021-10-15,Coinbase,655945.140116,-1579386.215022
2021-10-16,Coinbase,1367503.564968,711558.424852
2021-10-17,Coinbase,521739.914755,-845763.650213
2021-10-18,Coinbase,1522390.543806,1000650.629051
2021-10-19,Coinbase,2310457.062624,788066.518818
2021-10-20,Coinbase,2247479.541164,-62977.52146
2021-10-21,Coinbase,1515363.468294,-732116.07287
2021-10-22,Coinbase,2114951.167639,599587.699345
2021-10-23,Coinbase,1376610.175356,-738340.992283
2021-10-24,Coinbase,2123775.260176,747165.08482
2021-10-25,Coinbase,758956.877468,-1364818.382708
2021-10-26,Coinbase,1496903.022202,737946.144734
2021-10-27,Coinbase,2117096.841122,620193.81892
2021-10-28,Coinbase,2638226.295332,521129.45421
2021-10-29,Coinbase,2604113.265262,-34113.03007
2021-10-30,Coinbase,2557032.75417,-47080.511092
2021-10-31,Coinbase,2804705.233825,247672.479655
2021-11-01,Coinbase,2408151.120857,-396554.112968
2021-11-02,Coinbase,1661151.208237,-746999.91262
2021-11-03,Coinbase,2440076.524474,778925.316237
2021-11-04,Coinbase,2167164.541366,-272911.983108
2021-11-05,Coinbase,1598356.779031,-568807.762335
2021-11-06,Coinbase,1661406.38383,63049.604799
2021-11-07,Coinbase,890947.094324,-770459.289506
2021-11-08,Coinbase,2571931.974597,1680984.880273
2021-11-09,Coinbase,1924144.567459,-647787.407138
2021-11-10,Coinbase,2411768.537924,487623.970465
2021-11-11,Coinbase,2372898.78217,-38869.755754
2021-11-12,Coinbase,1912328.997102,-460569.785068
2021-11-13,Coinbase,2278392.361207,366063.364105
2021-11-14,Coinbase,2202059.161216,-76333.199991
2021-11-15,Coinbase,2568832.318811,366773.157595
2021-11-16,Coinbase,2918787.072013,349954.753202
2021-11-17,Coinbase,2997582.544744,78795.472731
2021-11-18,Coinbase,2510487.983927,-487094.560817
2021-11-19,Coinbase,2669756.959619,159268.975692
2021-11-20,Coinbase,2477707.481038,-192049.478581
2021-11-21,Coinbase,2544018.707727,66311.226689
2021-11-22,Coinbase,2846778.963999,302760.256272
2021-11-23,Coinbase,2779803.324661,-66975.639338
2021-11-24,Coinbase,2796178.421023,16375.096362
2021-11-25,Coinbase,2742389.762731,-53788.658292
2021-11-26,Coinbase,3057985.417528,315595.654797
2021-11-27,Coinbase,2509129.055604,-548856.361924
2021-11-28,Coinbase,2674257.553918,165128.498314
2021-11-29,Coinbase,2302604.884308,-371652.66961
2021-11-30,Coinbase,3850823.119472,1548218.235164
2021-12-01,Coinbase,2828861.480555,-1021961.638917
2021-12-02,Coinbase,2758650.500395,-70210.98016
2021-12-03,Coinbase,2719466.94636,-39183.554035
2021-12-04,Coinbase,3019207.701023,299740.754663
2021-12-05,Coinbase,2678708.029988,-340499.671035
2021-12-06,Coinbase,1920039.797789,-758668.232199
2021-12-07,Coinbase,2828744.491709,908704.69392
2021-12-08,Coinbase,2647473.018594,-181271.473115
2021-12-09,Coinbase,2882872.765762,235399.747168
2021-12-10,Coinbase,2985347.75797,102474.992208
2021-12-11,Coinbase,3161198.02534,175850.26737
2021-12-12,Coinbase,3055433.510902,-105764.514438
2021-12-13,Coinbase,6845731.440138,3790297.929236
2021-12-14,Coinbase,3784292.754933,-3061438.685205
2021-12-15,Coinbase,3714356.395036,-69936.359897
2021-12-16,Coinbase,3694443.534427,-19912.860609
2021-12-17,Coinbase,3694970.010816,526.476389
2021-12-18,Coinbase,445008.13374,-3249961.877076
2021-12-19,Coinbase,3124612.01111,2679603.87737
2021-12-20,Coinbase,3812074.395785,687462.384675
2021-12-21,Coinbase,2190843.179881,-1621231.215904
2021-12-22,Coinbase,3554690.135701,1363846.95582
2021-12-23,Coinbase,130533419.25091,126978729.115209
2021-12-24,Coinbase,129034342.791979,-1499076.458931
2021-12-25,Coinbase,129960229.458969,925886.66699
2021-12-26,Coinbase,129972324.204233,12094.745264
2021-12-27,Coinbase,129274957.973315,-697366.230918
2021-12-28,Coinbase,140053668.751036,10778710.777721
2021-12-29,Coinbase,140120610.090021,66941.338985
2021-12-30,Coinbase,139952548.658646,-168061.431375
2021-12-31,Coinbase,139695867.386499,-256681.272147
2022-01-01,Coinbase,139364218.533866,-331648.852633
2022-01-02,Coinbase,138794222.474926,-569996.05894
2022-01-03,Coinbase,139558162.833206,763940.35828
2022-01-04,Coinbase,138624887.667437,-933275.165769
2022-01-05,Coinbase,141294390.63055,2669502.963113
2022-01-06,Coinbase,140307255.782137,-987134.848413
2022-01-07,Coinbase,141192129.991475,884874.209338
2022-01-08,Coinbase,141226430.380779,34300.389304
2022-01-09,Coinbase,141898930.691822,672500.311043
2022-01-10,Coinbase,141981819.526774,82888.834952
2022-01-11,Coinbase,141299447.501337,-682372.025437
2022-01-12,Coinbase,141666884.452717,367436.95138
2022-01-13,Coinbase,136951625.633822,-4715258.818895
2022-01-14,Coinbase,138335831.034257,1384205.400435
2022-01-15,Coinbase,142051146.719829,3715315.685572
2022-01-16,Coinbase,141895979.779271,-155166.940558
2022-01-17,Coinbase,141994913.45099,98933.671719
2022-01-18,Coinbase,141259293.00916,-735620.44183
2022-01-19,Coinbase,142366464.305963,1107171.296803
2022-01-20,Coinbase,142465146.842617,98682.536654
2022-01-21,Coinbase,143433113.695548,967966.852931
2022-01-22,Coinbase,144761433.330143,1328319.634595
2022-01-23,Coinbase,144274655.865785,-486777.464358
2022-01-24,Coinbase,144333640.140374,58984.274589
2022-01-25,Coinbase,145060685.095688,727044.955314
2022-01-26,Coinbase,144753142.206189,-307542.889499
2022-01-27,Coinbase,144814737.051985,61594.845796
2022-01-28,Coinbase,143812330.375678,-1002406.676307
2022-01-29,Coinbase,143695607.835351,-116722.540327
2022-01-30,Coinbase,142182410.027603,-1513197.807748
2022-01-31,Coinbase,142836799.245508,654389.217905
2022-02-01,Coinbase,143182499.610998,345700.36549
2022-02-02,Coinbase,144455582.730157,1273083.119159
2022-02-03,Coinbase,143715614.454595,-739968.275562
2022-02-04,Coinbase,144379369.286518,663754.831923
2022-02-05,Coinbase,144039166.076628,-340203.20989
2022-02-06,Coinbase,143959894.185277,-79271.891351
2022-02-07,Coinbase,143935159.598953,-24734.586324
2022-02-08,Coinbase,144070458.041847,135298.442894
2022-02-09,Coinbase,144106894.210036,36436.168189
2022-02-10,Coinbase,144115682.623978,8788.413942
2022-02-11,Coinbase,144116714.291271,1031.667293
2022-02-12,Coinbase,144047499.238763,-69215.052508
2022-02-13,Coinbase,144644664.396022,597165.157259
2022-02-14,Coinbase,144976007.687675,331343.291653
2022-02-15,Coinbase,144698502.289645,-277505.39803
2022-02-16,Coinbase,144390855.45923,-307646.830415
2022-02-17,Coinbase,144808284.530774,417429.071544
2022-02-18,Coinbase,144817535.40825,9250.877476
2022-02-19,Coinbase,144951754.117889,134218.709639
2022-02-20,Coinbase,145138322.237022,186568.119133
2022-02-21,Coinbase,145250494.129739,112171.892717
2022-02-22,Coinbase,146026417.489898,775923.360159
2022-02-23,Coinbase,145465213.77587,-561203.714028
2022-02-24,Coinbase,146106541.447853,641327.671983
2022-02-25,Coinbase,145825752.239456,-280789.208397
2022-02-26,Coinbase,145527410.7422,-298341.497256
2022-02-27,Coinbase,145253520.584819,-273890.157381
2022-02-28,Coinbase,145449536.546412,196015.961593
2022-03-01,Coinbase,145501815.439789,52278.893377
2022-03-02,Coinbase,145913543.040967,411727.601178
2022-03-03,Coinbase,144601792.447125,-1311750.593842
2022-03-04,Coinbase,146071011.605312,1469219.158187
2022-03-05,Coinbase,146445041.949426,374030.344114
2022-03-06,Coinbase,146690429.208132,245387.258706
2022-03-07,Coinbase,146218498.913312,-471930.29482
2022-03-08,Coinbase,146319377.528895,100878.615583
2022-03-09,Coinbase,144123823.230378,-2195554.298517
2022-03-10,Coinbase,141190700.095048,-2933123.13533
2022-03-11,Coinbase,143899215.224931,2708515.129883
2022-03-12,Coinbase,140981853.364666,-2917361.860265
2022-03-13,Coinbase,145188628.680203,4206775.315537
2022-03-14,Coinbase,143477533.030201,-1711095.650002
2022-03-15,Coinbase,143257953.34003,-219579.690171
2022-03-16,Coinbase,147190211.547486,3932258.207456
2022-03-17,Coinbase,146624597.555731,-565613.991755
2022-03-18,Coinbase,146469851.922604,-154745.633127
2022-03-19,Coinbase,145357049.058846,-1112802.863758
2022-03-20,Coinbase,144476484.125726,-880564.93312
2022-03-21,Coinbase,143868821.155161,-607662.970565
2022-03-22,Coinbase,145272748.003731,1403926.84857
2022-03-23,Coinbase,145573822.803672,301074.799941
2022-03-24,Coinbase,144051664.196811,-1522158.606861
2022-03-25,Coinbase,144054437.457846,2773.261035
2022-03-26,Coinbase,144661994.67905,607557.221204
2022-03-27,Coinbase,143952387.080742,-709607.598308
2022-03-28,Coinbase,143202857.692551,-749529.388191
2022-03-29,Coinbase,143573244.473733,370386.781182
2022-03-30,Coinbase,142981960.589636,-591283.884097
2022-03-31,Coinbase,143197948.72115,215988.131514
2022-04-01,Coinbase,141481972.111691,-1715976.609459
2022-04-02,Coinbase,140864971.443093,-617000.668598
2022-04-03,Coinbase,143391198.333013,2526226.88992
2022-04-04,Coinbase,142824112.838116,-567085.494897
2022-04-05,Coinbase,144621101.00867,1796988.170554
2022-04-06,Coinbase,148490828.443897,3869727.435227
2022-04-07,Coinbase,147849631.31291,-641197.130987
2022-04-08,Coinbase,292676996.62233,144827365.30942
2022-04-09,Coinbase,292634299.590458,-42697.031872
2022-04-10,Coinbase,292508707.292243,-125592.298215
2022-04-11,Coinbase,462721554.487564,170212847.195321
2022-04-12,Coinbase,459894571.977032,-2826982.510532
2022-04-13,Coinbase,461303001.200938,1408429.223906
2022-04-14,Coinbase,461352228.417711,49227.216773
2022-04-15,Coinbase,460545478.512879,-806749.904832
2022-04-16,Coinbase,460175811.529024,-369666.983855
2022-04-17,Coinbase,460051550.709146,-124260.819878
2022-04-18,Coinbase,460418111.815413,366561.106267
2022-04-19,Coinbase,460656229.986867,238118.171454
2022-04-20,Coinbase,460393552.672641,-262677.314226
2022-04-21,Coinbase,458338098.09926,-2055454.573381
2022-04-22,Coinbase,462770044.366265,4431946.267005
2022-04-23,Coinbase,462684232.898916,-85811.467349
2022-04-24,Coinbase,463106967.839316,422734.9404
2022-04-25,Coinbase,464204786.583483,1097818.744167
2022-04-26,Coinbase,463740602.293501,-464184.289982
2022-04-27,Coinbase,464113260.050328,372657.756827
2022-04-28,Coinbase,463658167.880788,-455092.16954
2022-04-29,Coinbase,464473053.780132,814885.899344
2022-04-30,Coinbase,465473245.042314,1000191.262182
2022-05-01,Coinbase,465471478.564073,-1766.478241
2022-05-02,Coinbase,461082845.046886,-4388633.517187
2022-05-03,Coinbase,465768232.438827,4685387.391941
2022-05-04,Coinbase,463576792.890024,-2191439.548803
2022-05-05,Coinbase,464493951.16738,917158.277356
2022-05-06,Coinbase,463084504.469013,-1409446.698367
2022-05-07,Coinbase,461368578.151585,-1715926.317428
2022-05-08,Coinbase,459012244.776955,-2356333.37463
2022-05-09,Coinbase,462315309.051609,3303064.274654
2022-05-10,Coinbase,464887007.153132,2571698.101523
2022-05-11,Coinbase,463637169.927134,-1249837.225998
2022-05-12,Coinbase,465514600.546232,1877430.619098
2022-05-13,Coinbase,467233835.21263,1719234.666398
2022-05-14,Coinbase,468741417.68601,1507582.47338
2022-05-15,Coinbase,468806514.905706,65097.219696
2022-05-16,Coinbase,464555514.854606,-4251000.0511
2022-05-17,Coinbase,465707083.664177,1151568.809571
2022-05-18,Coinbase,468151751.519218,2444667.855041
2022-05-19,Coinbase,465412663.194978,-2739088.32424
2022-05-20,Coinbase,466489321.369755,1076658.174777
2022-05-21,Coinbase,462882440.229431,-3606881.140324
2022-05-22,Coinbase,461682493.984117,-1199946.245314
2022-05-23,Coinbase,461889242.829138,206748.845021
2022-05-24,Coinbase,468257147.211274,6367904.382136
2022-05-25,Coinbase,463805449.364167,-4451697.847107
2022-05-26,Coinbase,465082674.483309,1277225.119142
2022-05-27,Coinbase,466250065.482238,1167390.998929
2022-05-28,Coinbase,466971748.21802,721682.735782
2022-05-29,Coinbase,469589711.972403,2617963.754383
2022-05-30,Coinbase,469956609.77841,366897.806007
2022-05-31,Coinbase,463844058.035905,-6112551.742505
2022-06-01,Coinbase,469174676.707744,5330618.671839
2022-06-02,Coinbase,464577757.530696,-4596919.177048
2022-06-03,Coinbase,466324470.673595,1746713.142899
2022-06-04,Coinbase,467410457.888032,1085987.214437
2022-06-05,Coinbase,479936366.448487,12525908.560455
2022-06-06,Coinbase,479327183.268997,-609183.17949
2022-06-07,Coinbase,477924936.198025,-1402247.070972
2022-06-08,Coinbase,479715670.511595,1790734.31357
2022-06-09,Coinbase,478917146.161442,-798524.350153
2022-06-10,Coinbase,480483626.802655,1566480.641213
2022-06-11,Coinbase,483645079.050037,3161452.247382
2022-06-12,Coinbase,483725788.79302,80709.742983
2022-06-13,Coinbase,482278435.765971,-1447353.027049
2022-06-14,Coinbase,484103037.382136,1824601.616165
2022-06-15,Coinbase,484977264.806872,874227.424736
2022-06-16,Coinbase,479639644.409395,-5337620.397477
2022-06-17,Coinbase,478394401.158668,-1245243.250727
2022-06-18,Coinbase,479159024.678392,764623.519724
2022-06-19,Coinbase,477591466.385438,-1567558.292954
2022-06-20,Coinbase,477160187.272914,-431279.112524
2022-06-21,Coinbase,476354720.599852,-805466.673062
2022-06-22,Coinbase,475816368.437651,-538352.162201
2022-06-23,Coinbase,475544478.227066,-271890.210585
2022-06-24,Coinbase,479752838.928124,4208360.701058
2022-06-25,Coinbase,480822227.488984,1069388.56086
2022-06-26,Coinbase,481515686.221343,693458.732359
2022-06-27,Coinbase,480488991.096299,-1026695.125044
2022-06-28,Coinbase,476044054.418912,-4444936.677387
2022-06-29,Coinbase,477913336.223299,1869281.804387
2022-06-30,Coinbase,481433569.979075,3520233.755776
2022-07-01,Coinbase,480271868.011255,-1161701.96782
2022-07-02,Coinbase,486787622.638798,6515754.627543
2022-07-03,Coinbase,485517508.6453,-1270113.993498
2022-07-04,Coinbase,485050657.239067,-466851.406233
2022-07-05,Coinbase,481646422.324063,-3404234.915004
2022-07-06,Coinbase,475233733.00868,-6412689.315383
2022-07-07,Coinbase,483542244.784088,8308511.775408
2022-07-08,Coinbase,488930622.331345,5388377.547257
2022-07-09,Coinbase,488371275.339013,-559346.992332
2022-07-10,Coinbase,489441787.33922,1070512.000207
2022-07-11,Coinbase,487097530.639929,-2344256.699291
2022-07-12,Coinbase,482344269.354642,-4753261.285287
2022-07-13,Coinbase,481963401.750505,-380867.604137
2022-07-14,Coinbase,481858293.371079,-105108.379426
2022-07-15,Coinbase,483389601.63864,1531308.267561
2022-07-16,Coinbase,482451638.071836,-937963.566804
2022-07-17,Coinbase,480598874.845064,-1852763.226772
2022-07-18,Coinbase,481060877.144729,462002.299665
2022-07-19,Coinbase,480675351.157889,-385525.98684
2022-07-20,Coinbase,481550283.03163,874931.873741
2022-07-21,Coinbase,481017087.312394,-533195.719236
2022-07-22,Coinbase,482437468.892978,1420381.580584
2022-07-23,Coinbase,481325778.712277,-1111690.180701
2022-07-24,Coinbase,481987942.925989,662164.213712
2022-07-25,Coinbase,481457117.413774,-530825.512215
2022-07-26,Coinbase,479139663.537895,-2317453.875879
2022-07-27,Coinbase,485253579.413333,6113915.875438
2022-07-28,Coinbase,487402945.227972,2149365.814639
2022-07-29,Coinbase,481373339.557592,-6029605.67038
2022-07-30,Coinbase,479535243.992444,-1838095.565148
2022-07-31,Coinbase,478343155.730677,-1192088.261767
2022-08-01,Coinbase,484923640.549005,6580484.818328
2022-08-02,Coinbase,481648815.82478,-3274824.724225
2022-08-03,Coinbase,483315827.586403,1667011.761623
2022-08-04,Coinbase,485494077.399843,2178249.81344
2022-08-05,Coinbase,485121671.923965,-372405.475878
2022-08-06,Coinbase,484112601.945198,-1009069.978767
2022-08-07,Coinbase,483195951.450706,-916650.494492
2022-08-08,Coinbase,483317998.952852,122047.502146
2022-08-09,Coinbase,482817120.932156,-500878.020696
2022-08-10,Coinbase,483170228.509613,353107.577457
2022-08-11,Coinbase,484216968.056232,1046739.546619
2022-08-12,Coinbase,484315744.724955,98776.668723
2022-08-13,Coinbase,483901670.59101,-414074.133945
2022-08-14,Coinbase,484227109.878905,325439.287895
2022-08-15,Coinbase,485307488.806081,1080378.927176
2022-08-16,Coinbase,484419311.976675,-888176.829406
2022-08-17,Coinbase,485524000.154403,1104688.177728
2022-08-18,Coinbase,485719316.329644,195316.175241
2022-08-19,Coinbase,487090253.454631,1370937.124987
2022-08-20,Coinbase,486660646.386396,-429607.068235
2022-08-21,Coinbase,489377248.570122,2716602.183726
2022-08-22,Coinbase,489549543.026318,172294.456196
2022-08-23,Coinbase,487864769.79082,-1684773.235498
2022-08-24,Coinbase,485136933.313968,-2727836.476852
2022-08-25,Coinbase,485469297.61422,332364.300252
2022-08-26,Coinbase,489971804.911482,4502507.297262
2022-08-27,Coinbase,489857674.241717,-114130.669765
2022-08-28,Coinbase,491129330.659278,1271656.417561
2022-08-29,Coinbase,489349339.385228,-1779991.27405
2022-08-30,Coinbase,488731920.765939,-617418.619289
2022-08-31,Coinbase,489432887.173719,700966.40778
2022-09-01,Coinbase,490624821.144849,1191933.97113
2022-09-02,Coinbase,489121313.591911,-1503507.552938
2022-09-03,Coinbase,488711884.7027,-409428.889211
2022-09-04,Coinbase,487500694.097449,-1211190.605251
2022-09-05,Coinbase,487989439.639472,488745.542023
2022-09-06,Coinbase,489743304.003065,1753864.363593
2022-09-07,Coinbase,489639140.878452,-104163.124613
2022-09-08,Coinbase,488309889.569605,-1329251.308847
2022-09-09,Coinbase,486773461.053952,-1536428.515653
2022-09-10,Coinbase,488327727.203615,1554266.149663
2022-09-11,Coinbase,487499990.806924,-827736.396691
2022-09-12,Coinbase,484049018.337866,-3450972.469058
2022-09-13,Coinbase,483580686.46624,-468331.871626
2022-09-14,Coinbase,485156967.264729,1576280.798489
2022-09-15,Coinbase,487454668.817251,2297701.552522
2022-09-16,Coinbase,486264024.233081,-1190644.58417
2022-09-17,Coinbase,485208525.396236,-1055498.836845
2022-09-18,Coinbase,485618488.8749,409963.478664
2022-09-19,Coinbase,484578133.866258,-1040355.008642
2022-09-20,Coinbase,479529069.960151,-5049063.906107
2022-09-21,Coinbase,477012943.359945,-2516126.600206
2022-09-22,Coinbase,473320188.414103,-3692754.945842
2022-09-23,Coinbase,479452646.455706,6132458.041603
2022-09-24,Coinbase,478005875.102676,-1446771.35303
2022-09-25,Coinbase,477237214.608272,-768660.494404
2022-09-26,Coinbase,479000699.508832,1763484.90056
2022-09-27,Coinbase,482935141.272521,3934441.763689
2022-09-28,Coinbase,483164318.10613,229176.833609
2022-09-29,Coinbase,481951825.016516,-1212493.089614
2022-09-30,Coinbase,480969386.017877,-982438.998639
2022-10-01,Coinbase,481414216.108653,444830.090776
2022-10-02,Coinbase,479209728.344213,-2204487.76444
2022-10-03,Coinbase,479554525.490372,344797.146159
2022-10-04,Coinbase,489461858.78547,9907333.295098
2022-10-05,Coinbase,488642835.170526,-819023.614944
2022-10-06,Coinbase,549027741.741748,60384906.571222
2022-10-07,Coinbase,545870282.381968,-3157459.35978
2022-10-08,Coinbase,546846756.24143,976473.859462
2022-10-09,Coinbase,547811320.374732,964564.133302
2022-10-10,Coinbase,548787752.848173,976432.473441
2022-10-11,Coinbase,549985622.27304,1197869.424867
2022-10-12,Coinbase,548572744.125783,-1412878.147257
2022-10-13,Coinbase,552454841.20499,3882097.079207
2022-10-14,Coinbase,551855529.231532,-599311.973458
2022-10-15,Coinbase,551973570.008429,118040.776897
2022-10-16,Coinbase,552909171.910546,935601.902117
2022-10-17,Coinbase,552545923.12121,-363248.789336
2022-10-18,Coinbase,552337700.868386,-208222.252824
2022-10-19,Coinbase,555086729.451989,2749028.583603
2022-10-20,Coinbase,554922222.052108,-164507.399881
2022-10-21,Coinbase,556017162.803758,1094940.75165
2022-10-22,Coinbase,554755227.707184,-1261935.096574
2022-10-23,Coinbase,554475873.934415,-279353.772769
2022-10-24,Coinbase,555426992.316585,951118.38217
2022-10-25,Coinbase,553996458.453786,-1430533.862799
2022-10-26,Coinbase,551918598.943963,-2077859.509823
2022-10-27,Coinbase,552078286.742649,159687.798686
2022-10-28,Coinbase,552494081.272145,415794.529496
2022-10-29,Coinbase,551579209.978641,-914871.293504
2022-10-30,Coinbase,550210534.274457,-1368675.704184
2022-10-31,Coinbase,549288482.902183,-922051.372274
2022-11-01,Coinbase,551348814.565659,2060331.663476
2022-11-02,Coinbase,550794042.171322,-554772.394337
2022-11-03,Coinbase,549637830.313079,-1156211.858243
2022-11-04,Coinbase,550461700.801248,823870.488169
2022-11-05,Coinbase,548174106.058626,-2287594.742622
2022-11-06,Coinbase,548464823.776984,290717.718358
2022-11-07,Coinbase,544933707.132129,-3531116.644855
2022-11-08,Coinbase,550858295.858238,5924588.726109
2022-11-09,Coinbase,553725849.345339,2867553.487101
2022-11-10,Coinbase,554229777.309491,503927.964152
2022-11-11,Coinbase,548312976.144451,-5916801.16504
2022-11-12,Coinbase,552121643.883054,3808667.738603
2022-11-13,Coinbase,553292720.992812,1171077.109758
2022-11-14,Coinbase,556054141.854883,2761420.862071
2022-11-15,Coinbase,545833681.227923,-10220460.62696
2022-11-16,Coinbase,550990658.586066,5156977.358143
2022-11-17,Coinbase,548834392.142134,-2156266.443932
2022-11-18,Coinbase,544981765.267408,-3852626.874726
2022-11-19,Coinbase,553345841.72409,8364076.456682
2022-11-20,Coinbase,555866441.626637,2520599.902547
2022-11-21,Coinbase,557066021.236503,1199579.609866
2022-11-22,Coinbase,558562780.084521,1496758.848018
2022-11-23,Coinbase,557606517.989581,-956262.09494
2022-11-24,Coinbase,559141507.579806,1534989.590225
2022-11-25,Coinbase,560805887.967298,1664380.387492
2022-11-26,Coinbase,560398230.709493,-407657.257805
2022-11-27,Coinbase,560201193.08709,-197037.622403
2022-11-28,Coinbase,561169411.183744,968218.096654
2022-11-29,Coinbase,560972041.163142,-197370.020602
2022-11-30,Coinbase,560004622.833633,-967418.329509
2022-12-01,Coinbase,557822084.370745,-2182538.462888
2022-12-02,Coinbase,558563301.676651,741217.305906
2022-12-03,Coinbase,556342307.358256,-2220994.318395
2022-12-04,Coinbase,556139218.248761,-203089.109495
2022-12-05,Coinbase,554303025.791428,-1836192.457333
2022-12-06,Coinbase,552182023.462736,-2121002.328692
2022-12-07,Coinbase,559504722.994674,7322699.531938
2022-12-08,Coinbase,558657693.513044,-847029.48163
2022-12-09,Coinbase,558809095.936622,151402.423578
2022-12-10,Coinbase,559229907.061243,420811.124621
2022-12-11,Coinbase,559521236.797224,291329.735981
2022-12-12,Coinbase,558910786.525539,-610450.271685
2022-12-13,Coinbase,559758601.906699,847815.38116
2022-12-14,Coinbase,560446946.836216,688344.929517
2022-12-15,Coinbase,554608249.250066,-5838697.58615
2022-12-16,Coinbase,558848622.223706,4240372.97364
2022-12-17,Coinbase,563554414.439119,4705792.215413
2022-12-18,Coinbase,561803822.344078,-1750592.095041
2022-12-19,Coinbase,554365892.954029,-7437929.390049
2022-12-20,Coinbase,557932198.680449,3566305.72642
2022-12-21,Coinbase,557554504.965825,-377693.714624
2022-12-22,Coinbase,560829173.836029,3274668.870204
2022-12-23,Coinbase,564302130.4943,3472956.658271
2022-12-24,Coinbase,561183382.318807,-3118748.175493
2022-12-25,Coinbase,557635389.059499,-3547993.259308
2022-12-26,Coinbase,556193852.182908,-1441536.876591
2022-12-27,Coinbase,555763553.036316,-430299.146592
2022-12-28,Coinbase,554850677.38735,-912875.648966
2022-12-29,Coinbase,553903813.31434,-946864.07301
2022-12-30,Coinbase,567713221.214365,13809407.900025
2022-12-31,Coinbase,569432260.966699,1719039.752334
2023-01-01,Coinbase,567591784.411339,-1840476.55536
2023-01-02,Coinbase,567611702.752604,19918.341265
2023-01-03,Coinbase,564593238.715864,-3018464.03674
2023-01-04,Coinbase,567053595.016673,2460356.300809
2023-01-05,Coinbase,565929911.583288,-1123683.433385
2023-01-06,Coinbase,573385470.488456,7455558.905168
2023-01-07,Coinbase,572694127.547164,-691342.941292
2023-01-08,Coinbase,572392297.243193,-301830.303971
2023-01-09,Coinbase,570617667.595016,-1774629.648177
2023-01-10,Coinbase,568695403.59169,-1922264.003326
2023-01-11,Coinbase,570953358.926966,2257955.335276
2023-01-12,Coinbase,1005147222.986128,434193864.059162
2023-01-13,Coinbase,1005244042.754222,96819.768094
2023-01-14,Coinbase,1004541003.431671,-703039.322551
2023-01-15,Coinbase,1002632593.891874,-1908409.539797
2023-01-16,Coinbase,1001531873.739247,-1100720.152627
2023-01-17,Coinbase,1001750249.790703,218376.051456
2023-01-18,Coinbase,1001016188.431751,-734061.358952
2023-01-19,Coinbase,1001156883.599797,140695.168046
2023-01-20,Coinbase,1002832971.636154,1676088.036357
2023-01-21,Coinbase,1001208427.589826,-1624544.046328
2023-01-22,Coinbase,1001123360.457915,-85067.131911
2023-01-23,Coinbase,998516445.60129,-2606914.856625
2023-01-24,Coinbase,996936200.42288,-1580245.17841
2023-01-25,Coinbase,997868349.865984,932149.443104
2023-01-26,Coinbase,999092333.566881,1223983.700897
2023-01-27,Coinbase,1002751982.942685,3659649.375804
2023-01-28,Coinbase,1000350171.907187,-2401811.035498
2023-01-29,Coinbase,1001223044.595334,872872.688147
2023-01-30,Coinbase,1002185588.432924,962543.83759
2023-01-31,Coinbase,1002543605.144647,358016.711723
2023-02-01,Coinbase,1000871113.436119,-1672491.708528
2023-02-02,Coinbase,1000737599.002804,-133514.433315
2023-02-03,Coinbase,1001179320.176169,441721.173365
2023-02-04,Coinbase,999893319.249712,-1286000.926457
2023-02-05,Coinbase,1000108969.144416,215649.894704
2023-02-06,Coinbase,1000564060.344853,455091.200437
2023-02-07,Coinbase,998988027.129326,-1576033.215527
2023-02-08,Coinbase,996319174.868622,-2668852.260704
2023-02-09,Coinbase,992013332.49239,-4305842.376232
2023-02-10,Coinbase,994597906.072903,2584573.580513
2023-02-11,Coinbase,996593673.107545,1995767.034642
2023-02-12,Coinbase,995998854.546179,-594818.561366
2023-02-13,Coinbase,997257344.775611,1258490.229432
2023-02-14,Coinbase,995151031.168057,-2106313.607554
2023-02-15,Coinbase,996013983.685249,862952.517192
2023-02-16,Coinbase,994185927.789829,-1828055.89542
2023-02-17,Coinbase,992465456.493024,-1720471.296805
2023-02-18,Coinbase,993026235.379443,560778.886419
2023-02-19,Coinbase,991775297.64774,-1250937.731703
2023-02-20,Coinbase,994840815.20371,3065517.55597
2023-02-21,Coinbase,995892124.609294,1051309.405584
2023-02-22,Coinbase,994712120.409397,-1180004.199897
2023-02-23,Coinbase,991836593.820526,-2875526.588871
2023-02-24,Coinbase,999148869.01288,7312275.192354
2023-02-25,Coinbase,996412395.647809,-2736473.365071
2023-02-26,Coinbase,998113913.44033,1701517.792521
2023-02-27,Coinbase,999808883.591062,1694970.150732
2023-02-28,Coinbase,1002519818.776882,2710935.18582
2023-03-01,Coinbase,999397722.14999,-3122096.626892
2023-03-02,Coinbase,999807866.875592,410144.725602
2023-03-03,Coinbase,1002208808.005099,2400941.129507
2023-03-04,Coinbase,1001743446.342866,-465361.662233
2023-03-05,Coinbase,1003775515.681136,2032069.33827
2023-03-06,Coinbase,1005445798.547915,1670282.866779
2023-03-07,Coinbase,1005617390.553485,171592.00557
2023-03-08,Coinbase,1003961243.588948,-1656146.964537
2023-03-09,Coinbase,1003632884.003305,-328359.585643
2023-03-10,Coinbase,997193752.177002,-6439131.826303
2023-03-11,Coinbase,996877980.399416,-315771.777586
2023-03-12,Coinbase,996054603.375426,-823377.02399
2023-03-13,Coinbase,1001119517.52188,5064914.146454
2023-03-14,Coinbase,1002560030.913726,1440513.391846
2023-03-15,Coinbase,1004769565.246589,2209534.332863
2023-03-16,Coinbase,1001776468.780588,-2993096.466001
2023-03-17,Coinbase,1002701849.356044,925380.575456
2023-03-18,Coinbase,1001067724.013728,-1634125.342316
2023-03-19,Coinbase,999050410.969214,-2017313.044514
2023-03-20,Coinbase,995492140.77252,-3558270.196694
2023-03-21,Coinbase,994671757.507195,-820383.265325
2023-03-22,Coinbase,990771254.483643,-3900503.023552
2023-03-23,Coinbase,992811742.913978,2040488.430335
2023-03-24,Coinbase,1000241863.421534,7430120.507556
2023-03-25,Coinbase,1000681321.045619,439457.624085
2023-03-26,Coinbase,998855504.211623,-1825816.833996
2023-03-27,Coinbase,989295392.74177,-9560111.469853
2023-03-28,Coinbase,995540821.585281,6245428.843511
2023-03-29,Coinbase,997834028.213577,2293206.628296
2023-03-30,Coinbase,994571801.342877,-3262226.8707
2023-03-31,Coinbase,987683887.396307,-6887913.94657
2023-04-01,Coinbase,997433053.668141,9749166.271834
2023-04-02,Coinbase,994396774.639681,-3036279.02846
2023-04-03,Coinbase,990360276.365689,-4036498.273992
2023-04-04,Coinbase,996982381.329816,6622104.964127
2023-04-05,Coinbase,1007576969.481825,10594588.152009
2023-04-06,Coinbase,1005654952.372728,-1922017.109097
2023-04-07,Coinbase,1002560440.98727,-3094511.385458
2023-04-08,Coinbase,999356069.879518,-3204371.107752
2023-04-09,Coinbase,998760734.946123,-595334.933395
2023-04-10,Coinbase,1009626045.795605,10865310.849482
2023-04-11,Coinbase,1009599445.493961,-26600.301644
2023-04-12,Coinbase,1008437295.917426,-1162149.576535
2023-04-13,Coinbase,1008334347.657113,-102948.260313
2023-04-14,Coinbase,1010466291.903251,2131944.246138
2023-04-15,Coinbase,1007535566.477322,-2930725.425929
2023-04-16,Coinbase,1006311264.962788,-1224301.514534
2023-04-17,Coinbase,1001201513.675202,-5109751.287586
2023-04-18,Coinbase,1005386880.767238,4185367.092036
2023-04-19,Coinbase,1000621757.698014,-4765123.069224
2023-04-20,Coinbase,1025927936.370144,25306178.67213
2023-04-21,Coinbase,1012815922.608409,-13112013.761735
2023-04-22,Coinbase,1013518987.441244,703064.832835
2023-04-23,Coinbase,1013790974.890368,271987.449124
2023-04-24,Coinbase,1013137698.334808,-653276.55556
2023-04-25,Coinbase,1013363065.947607,225367.612799
2023-04-26,Coinbase,1009088509.039737,-4274556.90787
2023-04-27,Coinbase,1007553550.365144,-1534958.674593
2023-04-28,Coinbase,1008126675.630103,573125.264959
2023-04-29,Coinbase,1009419032.549616,1292356.919513
2023-04-30,Coinbase,1010407358.856602,988326.306986
2023-05-01,Coinbase,1011935678.378665,1528319.522063
2023-05-02,Coinbase,1009028022.776841,-2907655.601824
2023-05-03,Coinbase,1005198040.887202,-3829981.889639
2023-05-04,Coinbase,1012320908.596112,7122867.70891
2023-05-05,Coinbase,1013539836.512443,1218927.916331
2023-05-06,Coinbase,1013871763.453179,331926.940736
2023-05-07,Coinbase,1013325225.457297,-546537.995882
2023-05-08,Coinbase,1004794031.038093,-8531194.419204
2023-05-09,Coinbase,1007167557.946363,2373526.90827
2023-05-10,Coinbase,1008929270.698023,1761712.75166
2023-05-11,Coinbase,1009360771.254163,431500.55614
2023-05-12,Coinbase,1009439303.810835,78532.556672
2023-05-13,Coinbase,1009344054.120046,-95249.690789
2023-05-14,Coinbase,1010861906.234701,1517852.114655
2023-05-15,Coinbase,1011568011.202577,706104.967876
2023-05-16,Coinbase,1015217873.370875,3649862.168298
2023-05-17,Coinbase,1012924489.89495,-2293383.475925
2023-05-18,Coinbase,1012816268.021235,-108221.873715
2023-05-19,Coinbase,1011475913.246602,-1340354.774633
2023-05-20,Coinbase,1009186630.148497,-2289283.098105
2023-05-21,Coinbase,1007943854.964346,-1242775.184151
2023-05-22,Coinbase,1009486143.819189,1542288.854843
2023-05-23,Coinbase,1007963165.037354,-1522978.781835
2023-05-24,Coinbase,1007607425.952989,-355739.084365
2023-05-25,Coinbase,1009320541.239832,1713115.286843
2023-05-26,Coinbase,1011203194.471523,1882653.231691
2023-05-27,Coinbase,1007557098.388795,-3646096.082728
2023-05-28,Coinbase,1013964032.444097,6406934.055302
2023-05-29,Coinbase,1017126478.237817,3162445.79372
2023-05-30,Coinbase,1013525400.665562,-3601077.572255
2023-05-31,Coinbase,1013517624.661695,-7776.003867
2023-06-01,Coinbase,1012597522.67996,-920101.981735
2023-06-02,Coinbase,1013835724.166384,1238201.486424
2023-06-03,Coinbase,1014199626.07891,363901.912526
2023-06-04,Coinbase,1014364316.178936,164690.100026
2023-06-05,Coinbase,1016365286.264821,2000970.085885
2023-06-06,Coinbase,1013780396.197245,-2584890.067576
2023-06-07,Coinbase,1019726770.618464,5946374.421219
2023-06-08,Coinbase,1022536229.096265,2809458.477801
2023-06-09,Coinbase,1024681257.286832,2145028.190567
2023-06-10,Coinbase,1025805058.191122,1123800.90429
2023-06-11,Coinbase,1028176083.387322,2371025.1962
2023-06-12,Coinbase,1025394741.101842,-2781342.28548
2023-06-13,Coinbase,1025492219.303326,97478.201484
2023-06-14,Coinbase,1025786082.356502,293863.053176
2023-06-15,Coinbase,1025454661.029627,-331421.326875
2023-06-16,Coinbase,1023536536.386676,-1918124.642951
2023-06-17,Coinbase,1022715357.357076,-821179.0296
2023-06-18,Coinbase,1022251439.515544,-463917.841532
2023-06-19,Coinbase,1022431669.676644,180230.1611
2023-06-20,Coinbase,1023390777.567429,959107.890785
2023-06-21,Coinbase,1021892987.11641,-1497790.451019
2023-06-22,Coinbase,1017864179.349541,-4028807.766869
2023-06-23,Coinbase,1017360676.797813,-503502.551728
2023-06-24,Coinbase,1017441862.866609,81186.068796
2023-06-25,Coinbase,1017248125.982332,-193736.884277
2023-06-26,Coinbase,1006863885.608305,-10384240.374027
2023-06-27,Coinbase,1006400369.878173,-463515.730132
2023-06-28,Coinbase,1020953179.272552,14552809.394379
2023-06-29,Coinbase,1019825468.530984,-1127710.741568
2023-06-30,Coinbase,1020573480.63451,748012.103526
2023-07-01,Coinbase,1020345863.478355,-227617.156155
2023-07-02,Coinbase,1020810803.517802,464940.039447
2023-07-03,Coinbase,1018687317.248678,-2123486.269124
2023-07-04,Coinbase,1016500069.898911,-2187247.349767
2023-07-05,Coinbase,1018990359.227818,2490289.328907
2023-07-06,Coinbase,1020792525.787607,1802166.559789
2023-07-07,Coinbase,1023053135.838045,2260610.050438
2023-07-08,Coinbase,1022000852.106754,-1052283.731291
2023-07-09,Coinbase,1023875897.579874,1875045.47312
2023-07-10,Coinbase,1023019964.57582,-855933.004054
2023-07-11,Coinbase,1025443560.552585,2423595.976765
2023-07-12,Coinbase,1021765629.448414,-3677931.104171
2023-07-13,Coinbase,1024274392.565639,2508763.117225
2023-07-14,Coinbase,1022757402.130403,-1516990.435236
2023-07-15,Coinbase,1023458693.104068,701290.973665
2023-07-16,Coinbase,1021974066.115743,-1484626.988325
2023-07-17,Coinbase,1018124393.680223,-3849672.43552
2023-07-18,Coinbase,1020153590.811857,2029197.131634
2023-07-19,Coinbase,1021879685.660747,1726094.84889
2023-07-20,Coinbase,1021828889.183059,-50796.477688
2023-07-21,Coinbase,1023175511.155828,1346621.972769
2023-07-22,Coinbase,1020750423.38812,-2425087.767708
2023-07-23,Coinbase,1021653830.509548,903407.121428
2023-07-24,Coinbase,1024117011.098763,2463180.589215
2023-07-25,Coinbase,1022230861.69176,-1886149.407003
2023-07-26,Coinbase,1024878612.392384,2647750.700624
2023-07-27,Coinbase,1011713122.418433,-13165489.973951
2023-07-28,Coinbase,1021111435.900178,9398313.481745
2023-07-29,Coinbase,1015829935.344565,-5281500.555613
2023-07-30,Coinbase,1013524817.521009,-2305117.823556
2023-07-31,Coinbase,1021141858.849748,7617041.328739
2023-08-01,Coinbase,1022507625.943572,1365767.093824
2023-08-02,Coinbase,1022787333.992156,279708.048584
2023-08-03,Coinbase,1023440706.084686,653372.09253
2023-08-04,Coinbase,1021269251.984582,-2171454.100104
2023-08-05,Coinbase,1020188260.437062,-1080991.54752
2023-08-06,Coinbase,1020472373.850755,284113.413693
2023-08-07,Coinbase,1023758543.339327,3286169.488572
2023-08-08,Coinbase,1020795101.350193,-2963441.989134
2023-08-09,Coinbase,1017303187.665736,-3491913.684457
2023-08-10,Coinbase,1015995440.382116,-1307747.28362
2023-08-11,Coinbase,1015668333.897743,-327106.484373
2023-08-12,Coinbase,1016571760.094523,903426.19678
2023-08-13,Coinbase,1017760300.371173,1188540.27665
2023-08-14,Coinbase,1017098732.530256,-661567.840917
2023-08-15,Coinbase,1021138998.821072,4040266.290816
2023-08-16,Coinbase,1025816958.939217,4677960.118145
2023-08-17,Coinbase,1025691412.552343,-125546.386874
2023-08-18,Coinbase,1026555073.645262,863661.092919
2023-08-19,Coinbase,1026251980.893157,-303092.752105
2023-08-20,Coinbase,1026905200.881094,653219.987937
2023-08-21,Coinbase,1025586639.957389,-1318560.923705
2023-08-22,Coinbase,1026022429.700105,435789.742716
2023-08-23,Coinbase,1024888890.313948,-1133539.386157
2023-08-24,Coinbase,1025587239.926353,698349.612405
2023-08-25,Coinbase,1025704685.754397,117445.828044
2023-08-26,Coinbase,1025919448.497841,214762.743444
2023-08-27,Coinbase,1025603208.636247,-316239.861594
2023-08-28,Coinbase,1026974989.335568,1371780.699321
2023-08-29,Coinbase,1027537394.66744,562405.331872
2023-08-30,Coinbase,1027730033.732019,192639.064579
2023-08-31,Coinbase,1028609521.034737,879487.302718
2023-09-01,Coinbase,1027677091.954626,-932429.080111
2023-09-02,Coinbase,1027900006.832358,222914.877732
2023-09-03,Coinbase,1028013326.946856,113320.114498
2023-09-04,Coinbase,1027194866.400919,-818460.545937
2023-09-05,Coinbase,1026750576.425264,-444289.975655
2023-09-06,Coinbase,1027213563.431456,462987.006192
2023-09-07,Coinbase,1026852571.656649,-360991.774807
2023-09-08,Coinbase,1026480878.129108,-371693.527541
2023-09-09,Coinbase,1025795214.097411,-685664.031697
2023-09-10,Coinbase,1026991217.969546,1196003.872135
2023-09-11,Coinbase,1027838312.907376,847094.93783
2023-09-12,Coinbase,1028966020.925418,1127708.018042
2023-09-13,Coinbase,1030344553.492719,1378532.567301
2023-09-14,Coinbase,1029649387.225434,-695166.267285
2023-09-15,Coinbase,1029982831.233745,333444.008311
2023-09-16,Coinbase,1029962829.908697,-20001.325048
2023-09-17,Coinbase,1029688996.642255,-273833.266442
2023-09-18,Coinbase,1024977579.32146,-4711417.320795
2023-09-19,Coinbase,1029195823.139131,4218243.817671
2023-09-20,Coinbase,1029315842.766324,120019.627193
2023-09-21,Coinbase,1027185296.450638,-2130546.315686
2023-09-22,Coinbase,1028600009.341542,1414712.890904
2023-09-23,Coinbase,1025313754.411721,-3286254.929821
2023-09-24,Coinbase,1026465633.785884,1151879.374163
2023-09-25,Coinbase,1025491549.2381,-974084.547784
2023-09-26,Coinbase,1022627966.000569,-2863583.237531
2023-09-27,Coinbase,1024193883.639504,1565917.638935
2023-09-28,Coinbase,1024014440.070346,-179443.569158
2023-09-29,Coinbase,1024165870.377441,151430.307095
2023-09-30,Coinbase,1024188856.844587,22986.467146
2023-10-01,Coinbase,1023470922.365732,-717934.478855
2023-10-02,Coinbase,1024416775.31351,945852.947778
2023-10-03,Coinbase,1025931797.296643,1515021.983133
2023-10-04,Coinbase,1025035045.081083,-896752.21556
2023-10-05,Coinbase,1018140931.323636,-6894113.757447
2023-10-06,Coinbase,1017891948.968671,-248982.354965
2023-10-07,Coinbase,1018133277.393027,241328.424356
2023-10-08,Coinbase,1018019682.853195,-113594.539832
2023-10-09,Coinbase,1017225984.288647,-793698.564548
2023-10-10,Coinbase,1022389790.287468,5163805.998821
2023-10-11,Coinbase,1021027182.162379,-1362608.125089
2023-10-12,Coinbase,1020316444.762765,-710737.399614
2023-10-13,Coinbase,1016403384.203891,-3913060.558874
2023-10-14,Coinbase,1015823219.823895,-580164.379996
2023-10-15,Coinbase,1015856429.062615,33209.23872
2023-10-16,Coinbase,1028163133.762432,12306704.699817
2023-10-17,Coinbase,1028104107.430045,-59026.332387
2023-10-18,Coinbase,1028199034.841835,94927.41179
2023-10-19,Coinbase,1029793059.204671,1594024.362836
2023-10-20,Coinbase,1031933808.051255,2140748.846584
2023-10-21,Coinbase,1029420467.790821,-2513340.260434
2023-10-22,Coinbase,1029829379.24332,408911.452499
2023-10-23,Coinbase,1031350047.804436,1520668.561116
2023-10-24,Coinbase,1026473941.118781,-4876106.685655
2023-10-25,Coinbase,1024783966.745058,-1689974.373723
2023-10-26,Coinbase,1023827212.688798,-956754.05626
2023-10-27,Coinbase,1023620286.428196,-206926.260602
2023-10-28,Coinbase,1023719409.704261,99123.276065
2023-10-29,Coinbase,1023460330.916885,-259078.787376
2023-10-30,Coinbase,1025996915.090289,2536584.173404
2023-10-31,Coinbase,1023965496.30646,-2031418.783829
2023-11-01,Coinbase,1024457277.161257,491780.854797
2023-11-02,Coinbase,1020944378.849286,-3512898.311971
2023-11-03,Coinbase,1022317083.035815,1372704.186529
2023-11-04,Coinbase,1021841859.354418,-475223.681397
2023-11-05,Coinbase,1020007154.017087,-1834705.337331
2023-11-06,Coinbase,1019630133.155263,-377020.861824
2023-11-07,Coinbase,1018961565.542884,-668567.612379
2023-11-08,Coinbase,1019441103.463645,479537.920761
2023-11-09,Coinbase,1018545825.177947,-895278.285698
2023-11-10,Coinbase,1019097570.455409,551745.277462
2023-11-11,Coinbase,1018906781.765232,-190788.690177
2023-11-12,Coinbase,1017381574.045498,-1525207.719734
2023-11-13,Coinbase,1015133288.363623,-2248285.681875
2023-11-14,Coinbase,1011300626.475594,-3832661.888029
2023-11-15,Coinbase,1012365636.383862,1065009.908268
2023-11-16,Coinbase,1012934566.318874,568929.935012
2023-11-17,Coinbase,1015372263.056698,2437696.737824
2023-11-18,Coinbase,1016428468.20136,1056205.144662
2023-11-19,Coinbase,1018009515.355885,1581047.154525
2023-11-20,Coinbase,1016753996.265792,-1255519.090093
2023-11-21,Coinbase,1017078684.083254,324687.817462
2023-11-22,Coinbase,1019308286.501479,2229602.418225
2023-11-23,Coinbase,1017132933.894262,-2175352.607217
2023-11-24,Coinbase,1016194936.538571,-937997.355691
2023-11-25,Coinbase,1017557842.097262,1362905.558691
2023-11-26,Coinbase,1017829176.923989,271334.826727
2023-11-27,Coinbase,1017698910.933118,-130265.990871
2023-11-28,Coinbase,1015940005.250536,-1758905.682582
2023-11-29,Coinbase,1008373053.745591,-7566951.504945
2023-11-30,Coinbase,1011977428.219114,3604374.473523
2023-12-01,Coinbase,1015059992.543506,3082564.324392
2023-12-02,Coinbase,1014415913.944394,-644078.599112
2023-12-03,Coinbase,1012877333.230122,-1538580.714272
2023-12-04,Coinbase,1013225089.949379,347756.719257
2023-12-05,Coinbase,1014715284.220797,1490194.271418
2023-12-06,Coinbase,1011582343.787814,-3132940.432983
2023-12-07,Coinbase,1013185672.369327,1603328.581513
2023-12-08,Coinbase,1010753089.73344,-2432582.635887
2023-12-09,Coinbase,1007642979.077509,-3110110.655931
2023-12-10,Coinbase,1006202065.894486,-1440913.183023
2023-12-11,Coinbase,1002916735.136545,-3285330.757941
2023-12-12,Coinbase,1007675307.009233,4758571.872688
2023-12-13,Coinbase,1006514828.449036,-1160478.560197
2023-12-14,Coinbase,1006997131.001108,482302.552072
2023-12-15,Coinbase,1004915760.251747,-2081370.749361
2023-12-16,Coinbase,1006963733.505207,2047973.25346
2023-12-17,Coinbase,1005396503.770783,-1567229.734424
2023-12-18,Coinbase,1003161379.440921,-2235124.329862
2023-12-19,Coinbase,1001568735.189436,-1592644.251485
2023-12-20,Coinbase,1003397567.77197,1828832.582534
2023-12-21,Coinbase,996146753.141983,-7250814.629987
2023-12-22,Coinbase,1000189636.982798,4042883.840815
2023-12-23,Coinbase,997158428.666499,-3031208.316299
2023-12-24,Coinbase,996047965.006177,-1110463.660322
2023-12-25,Coinbase,995632291.609619,-415673.396558
2023-12-26,Coinbase,997473473.853262,1841182.243643
2023-12-27,Coinbase,1000086143.819793,2612669.966531
2023-12-28,Coinbase,1000016562.212051,-69581.607742
2023-12-29,Coinbase,997536010.372329,-2480551.839722
2023-12-30,Coinbase,997148642.406509,-387367.96582
2023-12-31,Coinbase,997467873.339601,319230.933092
2024-01-01,Coinbase,1000196719.003118,2728845.663517
2024-01-02,Coinbase,994897797.27336,-5298921.729758
2024-01-03,Coinbase,1002122870.549248,7225073.275888
2024-01-04,Coinbase,1001260353.711748,-862516.8375
2024-01-05,Coinbase,999872297.395414,-1388056.316334
2024-01-06,Coinbase,1000015068.653043,142771.257629
2024-01-07,Coinbase,998423131.856597,-1591936.796446
2024-01-08,Coinbase,1002908904.634558,4485772.777961
2024-01-09,Coinbase,1001435425.384601,-1473479.249957
2024-01-10,Coinbase,1002465197.912855,1029772.528254
2024-01-11,Coinbase,1000329335.873139,-2135862.039716
2024-01-12,Coinbase,999633256.865405,-696079.007734
2024-01-13,Coinbase,999357183.715651,-276073.149754
2024-01-14,Coinbase,997820336.204643,-1536847.511008
2024-01-15,Coinbase,1000621125.951121,2800789.746478
2024-01-16,Coinbase,1002664473.468147,2043347.517026
2024-01-17,Coinbase,1002471895.739381,-192577.728766
2024-01-18,Coinbase,1002694527.369138,222631.629757
2024-01-19,Coinbase,1003622510.180842,927982.811704
2024-01-20,Coinbase,1003940525.828416,318015.647574
2024-01-21,Coinbase,1002404091.605684,-1536434.222732
2024-01-22,Coinbase,1002471633.983061,67542.377377
2024-01-23,Coinbase,1006566563.804958,4094929.821897
2024-01-24,Coinbase,1006126249.846277,-440313.958681
2024-01-25,Coinbase,1004674689.174821,-1451560.671456
2024-01-26,Coinbase,1002666201.621602,-2008487.553219
2024-01-27,Coinbase,1005287165.773551,2620964.151949
2024-01-28,Coinbase,1005099762.925875,-187402.847676
2024-01-29,Coinbase,1005400987.265098,301224.339223
2024-01-30,Coinbase,1005822797.924644,421810.659546
2024-01-31,Coinbase,1004945910.210887,-876887.713757
2024-02-01,Coinbase,1004730565.44172,-215344.769167
2024-02-02,Coinbase,1005095690.393253,365124.951533
2024-02-03,Coinbase,1004121879.420505,-973810.972748
2024-02-04,Coinbase,1003898733.473328,-223145.947177
2024-02-05,Coinbase,1003459075.839802,-439657.633526
2024-02-06,Coinbase,1003486478.475158,27402.635356
2024-02-07,Coinbase,1006033398.395944,2546919.920786
2024-02-08,Coinbase,1004856481.412018,-1176916.983926
2024-02-09,Coinbase,1003355494.657072,-1500986.754946
2024-02-10,Coinbase,1002454017.099336,-901477.557736
2024-02-11,Coinbase,1000941372.776951,-1512644.322385
2024-02-12,Coinbase,1002076478.527412,1135105.750461
2024-02-13,Coinbase,1003657108.235696,1580629.708284
2024-02-14,Coinbase,1004476525.391923,819417.156227
2024-02-15,Coinbase,1003437102.366794,-1039423.025129
2024-02-16,Coinbase,1001642769.200927,-1794333.165867
2024-02-17,Coinbase,1001039368.890406,-603400.310521
2024-02-18,Coinbase,1001288741.529308,249372.638902
2024-02-19,Coinbase,1002631104.425871,1342362.896563
2024-02-20,Coinbase,1000222150.27476,-2408954.151111
2024-02-21,Coinbase,1000676303.010348,454152.735588
2024-02-22,Coinbase,999648947.012284,-1027355.998064
2024-02-23,Coinbase,998354364.311887,-1294582.700397
2024-02-24,Coinbase,998322669.467104,-31694.844783
2024-02-25,Coinbase,1002506802.293613,4184132.826509
2024-02-26,Coinbase,1000575513.424637,-1931288.868976
2024-02-27,Coinbase,999440924.593275,-1134588.831362
2024-02-28,Coinbase,999832858.324531,391933.731256
2024-02-29,Coinbase,995674196.157711,-4158662.16682
2024-03-01,Coinbase,998787155.361347,3112959.203636
2024-03-02,Coinbase,999746086.499964,958931.138617
2024-03-03,Coinbase,997695885.878454,-2050200.62151
2024-03-04,Coinbase,996154615.201262,-1541270.677192
2024-03-05,Coinbase,999686590.708936,3531975.507674
2024-03-06,Coinbase,994681997.769748,-5004592.939188
2024-03-07,Coinbase,997021542.233556,2339544.463808
2024-03-08,Coinbase,997301293.250543,279751.016987
2024-03-09,Coinbase,997789149.44314,487856.192597
2024-03-10,Coinbase,998003858.563561,214709.120421
2024-03-11,Coinbase,996643018.359732,-1360840.203829
2024-03-12,Coinbase,997748962.257161,1105943.897429
2024-03-13,Coinbase,996172882.112973,-1576080.144188
2024-03-14,Coinbase,995057602.806836,-1115279.306137
2024-03-15,Coinbase,996173941.334154,1116338.527318
2024-03-16,Coinbase,998180273.779458,2006332.445304
2024-03-17,Coinbase,999073705.70521,893431.925752
2024-03-18,Coinbase,998220005.671768,-853700.033442
2024-03-19,Coinbase,999247268.770709,1027263.098941
2024-03-20,Coinbase,999221055.634571,-26213.136138
2024-03-21,Coinbase,997990509.522743,-1230546.111828
2024-03-22,Coinbase,997960781.977629,-29727.545114
2024-03-23,Coinbase,997020773.084071,-940008.893558
2024-03-24,Coinbase,996921933.549002,-98839.535069
2024-03-25,Coinbase,998267250.467324,1345316.918322
2024-03-26,Coinbase,997531468.738615,-735781.728709
2024-03-27,Coinbase,996350148.781143,-1181319.957472
2024-03-28,Coinbase,994947690.201148,-1402458.579995
2024-03-29,Coinbase,998255558.723234,3307868.522086
2024-03-30,Coinbase,997795910.351195,-459648.372039
2024-03-31,Coinbase,998882060.449961,1086150.098766
2024-04-01,Coinbase,998686779.183193,-195281.266768
2024-04-02,Coinbase,998640123.270745,-46655.912448
2024-04-03,Coinbase,997784277.412886,-855845.857859
2024-04-04,Coinbase,999074722.131776,1290444.71889
2024-04-05,Coinbase,999957718.927895,882996.796119
2024-04-06,Coinbase,999584794.311326,-372924.616569
2024-04-07,Coinbase,999031672.495579,-553121.815747
2024-04-08,Coinbase,997579027.978934,-1452644.516645
2024-04-09,Coinbase,996723992.397512,-855035.581422
2024-04-10,Coinbase,999268368.848839,2544376.451327
2024-04-11,Coinbase,998546402.298483,-721966.550356
2024-04-12,Coinbase,1001016338.213246,2469935.914763
2024-04-13,Coinbase,1001979516.137496,963177.92425
2024-04-14,Coinbase,1000478753.837248,-1500762.300248
2024-04-15,Coinbase,1000649227.055681,170473.218433
2024-04-16,Coinbase,1000524835.269909,-124391.785772
2024-04-17,Coinbase,999921963.333407,-602871.936502
2024-04-18,Coinbase,999902442.013539,-19521.319868
2024-04-19,Coinbase,999917107.000151,14664.986612
2024-04-20,Coinbase,999995998.330073,78891.329922
2024-04-21,Coinbase,1000098030.481215,102032.151142
2024-04-22,Coinbase,1001979712.348746,1881681.867531
2024-04-23,Coinbase,1001677760.598798,-301951.749948
2024-04-24,Coinbase,997552392.348283,-4125368.250515
2024-04-25,Coinbase,997494122.84128,-58269.507003
2024-04-26,Coinbase,997260416.178873,-233706.662407
2024-04-27,Coinbase,996815117.692627,-445298.486246
2024-04-28,Coinbase,996642499.547396,-172618.145231
2024-04-29,Coinbase,999955407.651192,3312908.103796
2024-04-30,Coinbase,1001458130.570989,1502722.919797
2024-05-01,Coinbase,1001231120.086735,-227010.484254
2024-05-02,Coinbase,1000972863.964522,-258256.122213
2024-05-03,Coinbase,999201796.01409,-1771067.950432
2024-05-04,Coinbase,999438787.452016,236991.437926
2024-05-05,Coinbase,998713222.115123,-725565.336893
2024-05-06,Coinbase,998539678.717259,-173543.397864
2024-05-07,Coinbase,997658086.226781,-881592.490478
2024-05-08,Coinbase,996988120.373756,-669965.853025
2024-05-09,Coinbase,997347541.134946,359420.76119
2024-05-10,Coinbase,997431949.14597,84408.011024
2024-05-11,Coinbase,998427924.702493,995975.556523
2024-05-12,Coinbase,998590443.200471,162518.497978
2024-05-13,Coinbase,998752804.500731,162361.30026
2024-05-14,Coinbase,998840566.838326,87762.337595
2024-05-15,Coinbase,1000524486.667405,1683919.829079
2024-05-16,Coinbase,1001388367.840036,863881.172631
2024-05-17,Coinbase,1000489122.680455,-899245.159581
2024-05-18,Coinbase,999347691.040953,-1141431.639502
2024-05-19,Coinbase,1001498676.198103,2150985.15715
2024-05-20,Coinbase,1001094805.56279,-403870.635313
2024-05-21,Coinbase,999938793.488248,-1156012.074542
2024-05-22,Coinbase,999822370.831861,-116422.656387
2024-05-23,Coinbase,1000413727.991335,591357.159474
2024-05-24,Coinbase,998964267.945246,-1449460.046089
2024-05-25,Coinbase,998583392.300359,-380875.644887
2024-05-26,Coinbase,1000228086.307271,1644694.006912
2024-05-27,Coinbase,999697686.417999,-530399.889272
2024-05-28,Coinbase,999092769.081789,-604917.33621
2024-05-29,Coinbase,998055394.252813,-1037374.828976
2024-05-30,Coinbase,999184937.77384,1129543.521027
2024-05-31,Coinbase,1000638388.83543,1453451.06159
2024-06-01,Coinbase,1000621407.19298,-16981.64245
2024-06-02,Coinbase,1000478788.032436,-142619.160544
2024-06-03,Coinbase,1000578993.954046,100205.92161
2024-06-04,Coinbase,1000499163.531934,-79830.422112
2024-06-05,Coinbase,1000334897.686332,-164265.845602
2024-06-06,Coinbase,1000646184.567343,311286.881011
2024-06-07,Coinbase,1000406355.742853,-239828.82449
2024-06-08,Coinbase,1001441522.422937,1035166.680084
2024-06-09,Coinbase,1001175598.269327,-265924.15361
2024-06-10,Coinbase,1000382423.295021,-793174.974306
2024-06-11,Coinbase,1002007694.432029,1625271.137008
2024-06-12,Coinbase,992999133.148515,-9008561.283514
2024-06-13,Coinbase,1002260795.665227,9261662.516712
2024-06-14,Coinbase,1003783265.155466,1522469.490239
2024-06-15,Coinbase,1003277225.902716,-506039.25275
2024-06-16,Coinbase,1002384066.928186,-893158.97453
2024-06-17,Coinbase,1002061687.938366,-322378.98982
2024-06-18,Coinbase,1005402890.965802,3341203.027436
2024-06-19,Coinbase,1005367806.647634,-35084.318168
2024-06-20,Coinbase,1003824407.94824,-1543398.699394
2024-06-21,Coinbase,1005200495.787702,1376087.839462
2024-06-22,Coinbase,1001845699.138107,-3354796.649595
2024-06-23,Coinbase,1001687040.854486,-158658.283621
2024-06-24,Coinbase,1001517955.146373,-169085.708113
2024-06-25,Coinbase,1001280795.080039,-237160.066334
2024-06-26,Coinbase,1001320748.586217,39953.506178
2024-06-27,Coinbase,1000105649.976681,-1215098.609536
2024-06-28,Coinbase,1000624270.397473,518620.420792
2024-06-29,Coinbase,1000313605.004588,-310665.392885
2024-06-30,Coinbase,1002847336.22719,2533731.222602
2024-07-01,Coinbase,1002520248.236776,-327087.990414
2024-07-02,Coinbase,1001270017.373018,-1250230.863758
2024-07-03,Coinbase,1000409436.323051,-860581.049967
2024-07-04,Coinbase,1001531601.785588,1122165.462537
2024-07-05,Coinbase,1006154149.79933,4622548.013742
2024-07-06,Coinbase,1004376966.232858,-1777183.566472
2024-07-07,Coinbase,1003435244.154215,-941722.078643
2024-07-08,Coinbase,1003106227.421085,-329016.73313
2024-07-09,Coinbase,1003490888.412433,384660.991348
2024-07-10,Coinbase,1003279996.983055,-210891.429378
2024-07-11,Coinbase,1003478064.558812,198067.575757
2024-07-12,Coinbase,1001403209.780482,-2074854.77833
2024-07-13,Coinbase,1001001527.319823,-401682.460659
2024-07-14,Coinbase,1000179128.344511,-822398.975312
2024-07-15,Coinbase,1001649304.525737,1470176.181226
2024-07-16,Coinbase,1001491495.00198,-157809.523757
2024-07-17,Coinbase,1000687084.977867,-804410.024113
2024-07-18,Coinbase,1002337863.871026,1650778.893159
2024-07-19,Coinbase,1002911707.759944,573843.888918
2024-07-20,Coinbase,1002147193.675536,-764514.084408
2024-07-21,Coinbase,1002361145.949653,213952.274117
2024-07-22,Coinbase,1000859638.459475,-1501507.490178
2024-07-23,Coinbase,999077587.432192,-1782051.027283
2024-07-24,Coinbase,999258265.516414,180678.084222
2024-07-25,Coinbase,1004217787.346028,4959521.829614
2024-07-26,Coinbase,1004231481.52559,13694.179562
2024-07-27,Coinbase,1003420735.224523,-810746.301067
2024-07-28,Coinbase,1003524000.094001,103264.869478
2024-07-29,Coinbase,1003483236.510911,-40763.58309
2024-07-30,Coinbase,1003328952.620902,-154283.890009
2024-07-31,Coinbase,1002637210.120728,-691742.500174
2024-08-01,Coinbase,1004145618.496522,1508408.375794
2024-08-02,Coinbase,1004790024.546189,644406.049667
2024-08-03,Coinbase,1006124638.442595,1334613.896406
2024-08-04,Coinbase,1006744283.69378,619645.251185
2024-08-05,Coinbase,1009114353.013035,2370069.319255
2024-08-06,Coinbase,1007033272.125016,-2081080.888019
2024-08-07,Coinbase,1006953945.057726,-79327.06729
2024-08-08,Coinbase,1007059666.927697,105721.869971
2024-08-09,Coinbase,1005770410.075672,-1289256.852025
2024-08-10,Coinbase,1004960651.482462,-809758.59321
2024-08-11,Coinbase,1004213093.650873,-747557.831589
2024-08-12,Coinbase,1005052725.310073,839631.6592
2024-08-13,Coinbase,1004855050.012097,-197675.297976
2024-08-14,Coinbase,1004284729.411164,-570320.600933
2024-08-15,Coinbase,1004719579.873441,434850.462277
2024-08-16,Coinbase,1004820150.741568,100570.868127
2024-08-17,Coinbase,1004771661.157158,-48489.58441
2024-08-18,Coinbase,1005038671.723313,267010.566155
2024-08-19,Coinbase,1005372646.63755,333974.914237
2024-08-20,Coinbase,1005133782.249271,-238864.388279
2024-08-21,Coinbase,1005387430.729176,253648.479905
2024-08-22,Coinbase,1005069665.20478,-317765.524396
2024-08-23,Coinbase,1004989792.753485,-79872.451295
2024-08-24,Coinbase,1002466281.626825,-2523511.12666
2024-08-25,Coinbase,1002299818.174415,-166463.45241
2024-08-26,Coinbase,1003295833.241707,996015.067292
2024-08-27,Coinbase,1004016171.582137,720338.34043
2024-08-28,Coinbase,1002636031.818648,-1380139.763489
2024-08-29,Coinbase,1002436087.357773,-199944.460875
2024-08-30,Coinbase,1002955327.686279,519240.328506
2024-08-31,Coinbase,1002360850.568706,-594477.117573
2024-09-01,Coinbase,1003675608.472213,1314757.903507
2024-09-02,Coinbase,1004159976.989917,484368.517704
2024-09-03,Coinbase,1003753908.444057,-406068.54586
2024-09-04,Coinbase,1003604237.426054,-149671.018003
2024-09-05,Coinbase,1003613670.117864,9432.69181
2024-09-06,Coinbase,1007855667.942696,4241997.824832
2024-09-07,Coinbase,1005797827.883102,-2057840.059594
2024-09-08,Coinbase,1005460249.414849,-337578.468253
2024-09-09,Coinbase,1004325629.678586,-1134619.736263
2024-09-10,Coinbase,1005955868.594083,1630238.915497
2024-09-11,Coinbase,1006125278.290017,169409.695934
2024-09-12,Coinbase,1006085367.151668,-39911.138349
2024-09-13,Coinbase,1005332352.768897,-753014.382771
2024-09-14,Coinbase,1006158530.21827,826177.449373
2024-09-15,Coinbase,1005884718.693438,-273811.524832
2024-09-16,Coinbase,1005594105.285917,-290613.407521
2024-09-17,Coinbase,1005798672.429833,204567.143916
2024-09-18,Coinbase,1005826240.781204,27568.351371
2024-09-19,Coinbase,1005726593.185749,-99647.595455
2024-09-20,Coinbase,1003606391.231564,-2120201.954185
2024-09-21,Coinbase,1003086451.745035,-519939.486529
2024-09-22,Coinbase,1002813171.810277,-273279.934758
2024-09-23,Coinbase,1002396209.328976,-416962.481301
2024-09-24,Coinbase,1002054750.257916,-341459.07106
2024-09-25,Coinbase,1001194976.122714,-859774.135202
2024-09-26,Coinbase,1002066926.311857,871950.189143
2024-09-27,Coinbase,1002773902.568238,706976.256381
2024-09-28,Coinbase,1001549175.300585,-1224727.267653
2024-09-29,Coinbase,1001118427.028414,-430748.272171
2024-09-30,Coinbase,1000548089.811694,-570337.21672
2024-10-01,Coinbase,1001246477.859342,698388.047648
2024-10-02,Coinbase,1006819795.616497,5573317.757155
2024-10-03,Coinbase,1006117232.865499,-702562.750998
2024-10-04,Coinbase,1004795058.04545,-1322174.820049
2024-10-05,Coinbase,1004750056.514668,-45001.530782
2024-10-06,Coinbase,1004609346.776357,-140709.738311
2024-10-07,Coinbase,1003786246.027313,-823100.749044
2024-10-08,Coinbase,1003161608.398147,-624637.629166
2024-10-09,Coinbase,1001640124.288922,-1521484.109225
2024-10-10,Coinbase,1001772425.897552,132301.60863
